sample	genome_fa
100000	/tmp/global2/ssushko/TE_evolution/1001Gp_TE_ANNOT/1001G_fasta_Chr_scaffolds/100000.Chr_scaffolds.fa
100002	/tmp/global2/ssushko/TE_evolution/1001Gp_TE_ANNOT/1001G_fasta_Chr_scaffolds/100002.Chr_scaffolds.fa
100018	/tmp/global2/ssushko/TE_evolution/1001Gp_TE_ANNOT/1001G_fasta_Chr_scaffolds/100018.Chr_scaffolds.fa
100022	/tmp/global2/ssushko/TE_evolution/1001Gp_TE_ANNOT/1001G_fasta_Chr_scaffolds/100022.Chr_scaffolds.fa
100024	/tmp/global2/ssushko/TE_evolution/1001Gp_TE_ANNOT/1001G_fasta_Chr_scaffolds/100024.Chr_scaffolds.fa
100025	/tmp/global2/ssushko/TE_evolution/1001Gp_TE_ANNOT/1001G_fasta_Chr_scaffolds/100025.Chr_scaffolds.fa
100027	/tmp/global2/ssushko/TE_evolution/1001Gp_TE_ANNOT/1001G_fasta_Chr_scaffolds/100027.Chr_scaffolds.fa
100029	/tmp/global2/ssushko/TE_evolution/1001Gp_TE_ANNOT/1001G_fasta_Chr_scaffolds/100029.Chr_scaffolds.fa
100030	/tmp/global2/ssushko/TE_evolution/1001Gp_TE_ANNOT/1001G_fasta_Chr_scaffolds/100030.Chr_scaffolds.fa
100039	/tmp/global2/ssushko/TE_evolution/1001Gp_TE_ANNOT/1001G_fasta_Chr_scaffolds/100039.Chr_scaffolds.fa
100040	/tmp/global2/ssushko/TE_evolution/1001Gp_TE_ANNOT/1001G_fasta_Chr_scaffolds/100040.Chr_scaffolds.fa
100041	/tmp/global2/ssushko/TE_evolution/1001Gp_TE_ANNOT/1001G_fasta_Chr_scaffolds/100041.Chr_scaffolds.fa
100042	/tmp/global2/ssushko/TE_evolution/1001Gp_TE_ANNOT/1001G_fasta_Chr_scaffolds/100042.Chr_scaffolds.fa
100043	/tmp/global2/ssushko/TE_evolution/1001Gp_TE_ANNOT/1001G_fasta_Chr_scaffolds/100043.Chr_scaffolds.fa
100044	/tmp/global2/ssushko/TE_evolution/1001Gp_TE_ANNOT/1001G_fasta_Chr_scaffolds/100044.Chr_scaffolds.fa
100045	/tmp/global2/ssushko/TE_evolution/1001Gp_TE_ANNOT/1001G_fasta_Chr_scaffolds/100045.Chr_scaffolds.fa
100046	/tmp/global2/ssushko/TE_evolution/1001Gp_TE_ANNOT/1001G_fasta_Chr_scaffolds/100046.Chr_scaffolds.fa
100047	/tmp/global2/ssushko/TE_evolution/1001Gp_TE_ANNOT/1001G_fasta_Chr_scaffolds/100047.Chr_scaffolds.fa
100048	/tmp/global2/ssushko/TE_evolution/1001Gp_TE_ANNOT/1001G_fasta_Chr_scaffolds/100048.Chr_scaffolds.fa
100049	/tmp/global2/ssushko/TE_evolution/1001Gp_TE_ANNOT/1001G_fasta_Chr_scaffolds/100049.Chr_scaffolds.fa
100050	/tmp/global2/ssushko/TE_evolution/1001Gp_TE_ANNOT/1001G_fasta_Chr_scaffolds/100050.Chr_scaffolds.fa
100051	/tmp/global2/ssushko/TE_evolution/1001Gp_TE_ANNOT/1001G_fasta_Chr_scaffolds/100051.Chr_scaffolds.fa
100052	/tmp/global2/ssushko/TE_evolution/1001Gp_TE_ANNOT/1001G_fasta_Chr_scaffolds/100052.Chr_scaffolds.fa
100053	/tmp/global2/ssushko/TE_evolution/1001Gp_TE_ANNOT/1001G_fasta_Chr_scaffolds/100053.Chr_scaffolds.fa
100055	/tmp/global2/ssushko/TE_evolution/1001Gp_TE_ANNOT/1001G_fasta_Chr_scaffolds/100055.Chr_scaffolds.fa
100056	/tmp/global2/ssushko/TE_evolution/1001Gp_TE_ANNOT/1001G_fasta_Chr_scaffolds/100056.Chr_scaffolds.fa
100057	/tmp/global2/ssushko/TE_evolution/1001Gp_TE_ANNOT/1001G_fasta_Chr_scaffolds/100057.Chr_scaffolds.fa
100058	/tmp/global2/ssushko/TE_evolution/1001Gp_TE_ANNOT/1001G_fasta_Chr_scaffolds/100058.Chr_scaffolds.fa
100059	/tmp/global2/ssushko/TE_evolution/1001Gp_TE_ANNOT/1001G_fasta_Chr_scaffolds/100059.Chr_scaffolds.fa
100060	/tmp/global2/ssushko/TE_evolution/1001Gp_TE_ANNOT/1001G_fasta_Chr_scaffolds/100060.Chr_scaffolds.fa
100061	/tmp/global2/ssushko/TE_evolution/1001Gp_TE_ANNOT/1001G_fasta_Chr_scaffolds/100061.Chr_scaffolds.fa
100062	/tmp/global2/ssushko/TE_evolution/1001Gp_TE_ANNOT/1001G_fasta_Chr_scaffolds/100062.Chr_scaffolds.fa
100063	/tmp/global2/ssushko/TE_evolution/1001Gp_TE_ANNOT/1001G_fasta_Chr_scaffolds/100063.Chr_scaffolds.fa
100064	/tmp/global2/ssushko/TE_evolution/1001Gp_TE_ANNOT/1001G_fasta_Chr_scaffolds/100064.Chr_scaffolds.fa
100065	/tmp/global2/ssushko/TE_evolution/1001Gp_TE_ANNOT/1001G_fasta_Chr_scaffolds/100065.Chr_scaffolds.fa
100066	/tmp/global2/ssushko/TE_evolution/1001Gp_TE_ANNOT/1001G_fasta_Chr_scaffolds/100066.Chr_scaffolds.fa
100067	/tmp/global2/ssushko/TE_evolution/1001Gp_TE_ANNOT/1001G_fasta_Chr_scaffolds/100067.Chr_scaffolds.fa
100068	/tmp/global2/ssushko/TE_evolution/1001Gp_TE_ANNOT/1001G_fasta_Chr_scaffolds/100068.Chr_scaffolds.fa
100069	/tmp/global2/ssushko/TE_evolution/1001Gp_TE_ANNOT/1001G_fasta_Chr_scaffolds/100069.Chr_scaffolds.fa
100070	/tmp/global2/ssushko/TE_evolution/1001Gp_TE_ANNOT/1001G_fasta_Chr_scaffolds/100070.Chr_scaffolds.fa
100071	/tmp/global2/ssushko/TE_evolution/1001Gp_TE_ANNOT/1001G_fasta_Chr_scaffolds/100071.Chr_scaffolds.fa
100072	/tmp/global2/ssushko/TE_evolution/1001Gp_TE_ANNOT/1001G_fasta_Chr_scaffolds/100072.Chr_scaffolds.fa
100073	/tmp/global2/ssushko/TE_evolution/1001Gp_TE_ANNOT/1001G_fasta_Chr_scaffolds/100073.Chr_scaffolds.fa
100074	/tmp/global2/ssushko/TE_evolution/1001Gp_TE_ANNOT/1001G_fasta_Chr_scaffolds/100074.Chr_scaffolds.fa
100075	/tmp/global2/ssushko/TE_evolution/1001Gp_TE_ANNOT/1001G_fasta_Chr_scaffolds/100075.Chr_scaffolds.fa
100076	/tmp/global2/ssushko/TE_evolution/1001Gp_TE_ANNOT/1001G_fasta_Chr_scaffolds/100076.Chr_scaffolds.fa
100077	/tmp/global2/ssushko/TE_evolution/1001Gp_TE_ANNOT/1001G_fasta_Chr_scaffolds/100077.Chr_scaffolds.fa
100078	/tmp/global2/ssushko/TE_evolution/1001Gp_TE_ANNOT/1001G_fasta_Chr_scaffolds/100078.Chr_scaffolds.fa
100079	/tmp/global2/ssushko/TE_evolution/1001Gp_TE_ANNOT/1001G_fasta_Chr_scaffolds/100079.Chr_scaffolds.fa
100080	/tmp/global2/ssushko/TE_evolution/1001Gp_TE_ANNOT/1001G_fasta_Chr_scaffolds/100080.Chr_scaffolds.fa
100081	/tmp/global2/ssushko/TE_evolution/1001Gp_TE_ANNOT/1001G_fasta_Chr_scaffolds/100081.Chr_scaffolds.fa
100082	/tmp/global2/ssushko/TE_evolution/1001Gp_TE_ANNOT/1001G_fasta_Chr_scaffolds/100082.Chr_scaffolds.fa
100083	/tmp/global2/ssushko/TE_evolution/1001Gp_TE_ANNOT/1001G_fasta_Chr_scaffolds/100083.Chr_scaffolds.fa
100084	/tmp/global2/ssushko/TE_evolution/1001Gp_TE_ANNOT/1001G_fasta_Chr_scaffolds/100084.Chr_scaffolds.fa
100085	/tmp/global2/ssushko/TE_evolution/1001Gp_TE_ANNOT/1001G_fasta_Chr_scaffolds/100085.Chr_scaffolds.fa
100086	/tmp/global2/ssushko/TE_evolution/1001Gp_TE_ANNOT/1001G_fasta_Chr_scaffolds/100086.Chr_scaffolds.fa
100087	/tmp/global2/ssushko/TE_evolution/1001Gp_TE_ANNOT/1001G_fasta_Chr_scaffolds/100087.Chr_scaffolds.fa
100088	/tmp/global2/ssushko/TE_evolution/1001Gp_TE_ANNOT/1001G_fasta_Chr_scaffolds/100088.Chr_scaffolds.fa
100089	/tmp/global2/ssushko/TE_evolution/1001Gp_TE_ANNOT/1001G_fasta_Chr_scaffolds/100089.Chr_scaffolds.fa
100090	/tmp/global2/ssushko/TE_evolution/1001Gp_TE_ANNOT/1001G_fasta_Chr_scaffolds/100090.Chr_scaffolds.fa
100091	/tmp/global2/ssushko/TE_evolution/1001Gp_TE_ANNOT/1001G_fasta_Chr_scaffolds/100091.Chr_scaffolds.fa
100092	/tmp/global2/ssushko/TE_evolution/1001Gp_TE_ANNOT/1001G_fasta_Chr_scaffolds/100092.Chr_scaffolds.fa
100093	/tmp/global2/ssushko/TE_evolution/1001Gp_TE_ANNOT/1001G_fasta_Chr_scaffolds/100093.Chr_scaffolds.fa
100094	/tmp/global2/ssushko/TE_evolution/1001Gp_TE_ANNOT/1001G_fasta_Chr_scaffolds/100094.Chr_scaffolds.fa
100095	/tmp/global2/ssushko/TE_evolution/1001Gp_TE_ANNOT/1001G_fasta_Chr_scaffolds/100095.Chr_scaffolds.fa
100096	/tmp/global2/ssushko/TE_evolution/1001Gp_TE_ANNOT/1001G_fasta_Chr_scaffolds/100096.Chr_scaffolds.fa
100097	/tmp/global2/ssushko/TE_evolution/1001Gp_TE_ANNOT/1001G_fasta_Chr_scaffolds/100097.Chr_scaffolds.fa
100098	/tmp/global2/ssushko/TE_evolution/1001Gp_TE_ANNOT/1001G_fasta_Chr_scaffolds/100098.Chr_scaffolds.fa
100099	/tmp/global2/ssushko/TE_evolution/1001Gp_TE_ANNOT/1001G_fasta_Chr_scaffolds/100099.Chr_scaffolds.fa
100100	/tmp/global2/ssushko/TE_evolution/1001Gp_TE_ANNOT/1001G_fasta_Chr_scaffolds/100100.Chr_scaffolds.fa
100101	/tmp/global2/ssushko/TE_evolution/1001Gp_TE_ANNOT/1001G_fasta_Chr_scaffolds/100101.Chr_scaffolds.fa
100102	/tmp/global2/ssushko/TE_evolution/1001Gp_TE_ANNOT/1001G_fasta_Chr_scaffolds/100102.Chr_scaffolds.fa
100103	/tmp/global2/ssushko/TE_evolution/1001Gp_TE_ANNOT/1001G_fasta_Chr_scaffolds/100103.Chr_scaffolds.fa
100104	/tmp/global2/ssushko/TE_evolution/1001Gp_TE_ANNOT/1001G_fasta_Chr_scaffolds/100104.Chr_scaffolds.fa
100105	/tmp/global2/ssushko/TE_evolution/1001Gp_TE_ANNOT/1001G_fasta_Chr_scaffolds/100105.Chr_scaffolds.fa
100106	/tmp/global2/ssushko/TE_evolution/1001Gp_TE_ANNOT/1001G_fasta_Chr_scaffolds/100106.Chr_scaffolds.fa
100107	/tmp/global2/ssushko/TE_evolution/1001Gp_TE_ANNOT/1001G_fasta_Chr_scaffolds/100107.Chr_scaffolds.fa
100108	/tmp/global2/ssushko/TE_evolution/1001Gp_TE_ANNOT/1001G_fasta_Chr_scaffolds/100108.Chr_scaffolds.fa
100109	/tmp/global2/ssushko/TE_evolution/1001Gp_TE_ANNOT/1001G_fasta_Chr_scaffolds/100109.Chr_scaffolds.fa
100110	/tmp/global2/ssushko/TE_evolution/1001Gp_TE_ANNOT/1001G_fasta_Chr_scaffolds/100110.Chr_scaffolds.fa
100111	/tmp/global2/ssushko/TE_evolution/1001Gp_TE_ANNOT/1001G_fasta_Chr_scaffolds/100111.Chr_scaffolds.fa
100113	/tmp/global2/ssushko/TE_evolution/1001Gp_TE_ANNOT/1001G_fasta_Chr_scaffolds/100113.Chr_scaffolds.fa
100114	/tmp/global2/ssushko/TE_evolution/1001Gp_TE_ANNOT/1001G_fasta_Chr_scaffolds/100114.Chr_scaffolds.fa
100115	/tmp/global2/ssushko/TE_evolution/1001Gp_TE_ANNOT/1001G_fasta_Chr_scaffolds/100115.Chr_scaffolds.fa
100116	/tmp/global2/ssushko/TE_evolution/1001Gp_TE_ANNOT/1001G_fasta_Chr_scaffolds/100116.Chr_scaffolds.fa
100117	/tmp/global2/ssushko/TE_evolution/1001Gp_TE_ANNOT/1001G_fasta_Chr_scaffolds/100117.Chr_scaffolds.fa
100118	/tmp/global2/ssushko/TE_evolution/1001Gp_TE_ANNOT/1001G_fasta_Chr_scaffolds/100118.Chr_scaffolds.fa
100119	/tmp/global2/ssushko/TE_evolution/1001Gp_TE_ANNOT/1001G_fasta_Chr_scaffolds/100119.Chr_scaffolds.fa
100120	/tmp/global2/ssushko/TE_evolution/1001Gp_TE_ANNOT/1001G_fasta_Chr_scaffolds/100120.Chr_scaffolds.fa
100121	/tmp/global2/ssushko/TE_evolution/1001Gp_TE_ANNOT/1001G_fasta_Chr_scaffolds/100121.Chr_scaffolds.fa
100123	/tmp/global2/ssushko/TE_evolution/1001Gp_TE_ANNOT/1001G_fasta_Chr_scaffolds/100123.Chr_scaffolds.fa
100124	/tmp/global2/ssushko/TE_evolution/1001Gp_TE_ANNOT/1001G_fasta_Chr_scaffolds/100124.Chr_scaffolds.fa
100125	/tmp/global2/ssushko/TE_evolution/1001Gp_TE_ANNOT/1001G_fasta_Chr_scaffolds/100125.Chr_scaffolds.fa
100126	/tmp/global2/ssushko/TE_evolution/1001Gp_TE_ANNOT/1001G_fasta_Chr_scaffolds/100126.Chr_scaffolds.fa
100127	/tmp/global2/ssushko/TE_evolution/1001Gp_TE_ANNOT/1001G_fasta_Chr_scaffolds/100127.Chr_scaffolds.fa
100128	/tmp/global2/ssushko/TE_evolution/1001Gp_TE_ANNOT/1001G_fasta_Chr_scaffolds/100128.Chr_scaffolds.fa
100129	/tmp/global2/ssushko/TE_evolution/1001Gp_TE_ANNOT/1001G_fasta_Chr_scaffolds/100129.Chr_scaffolds.fa
100130	/tmp/global2/ssushko/TE_evolution/1001Gp_TE_ANNOT/1001G_fasta_Chr_scaffolds/100130.Chr_scaffolds.fa
100131	/tmp/global2/ssushko/TE_evolution/1001Gp_TE_ANNOT/1001G_fasta_Chr_scaffolds/100131.Chr_scaffolds.fa
100132	/tmp/global2/ssushko/TE_evolution/1001Gp_TE_ANNOT/1001G_fasta_Chr_scaffolds/100132.Chr_scaffolds.fa
100133	/tmp/global2/ssushko/TE_evolution/1001Gp_TE_ANNOT/1001G_fasta_Chr_scaffolds/100133.Chr_scaffolds.fa
100134	/tmp/global2/ssushko/TE_evolution/1001Gp_TE_ANNOT/1001G_fasta_Chr_scaffolds/100134.Chr_scaffolds.fa
100135	/tmp/global2/ssushko/TE_evolution/1001Gp_TE_ANNOT/1001G_fasta_Chr_scaffolds/100135.Chr_scaffolds.fa
100136	/tmp/global2/ssushko/TE_evolution/1001Gp_TE_ANNOT/1001G_fasta_Chr_scaffolds/100136.Chr_scaffolds.fa
100137	/tmp/global2/ssushko/TE_evolution/1001Gp_TE_ANNOT/1001G_fasta_Chr_scaffolds/100137.Chr_scaffolds.fa
100139	/tmp/global2/ssushko/TE_evolution/1001Gp_TE_ANNOT/1001G_fasta_Chr_scaffolds/100139.Chr_scaffolds.fa
100140	/tmp/global2/ssushko/TE_evolution/1001Gp_TE_ANNOT/1001G_fasta_Chr_scaffolds/100140.Chr_scaffolds.fa
100141	/tmp/global2/ssushko/TE_evolution/1001Gp_TE_ANNOT/1001G_fasta_Chr_scaffolds/100141.Chr_scaffolds.fa
100142	/tmp/global2/ssushko/TE_evolution/1001Gp_TE_ANNOT/1001G_fasta_Chr_scaffolds/100142.Chr_scaffolds.fa
100143	/tmp/global2/ssushko/TE_evolution/1001Gp_TE_ANNOT/1001G_fasta_Chr_scaffolds/100143.Chr_scaffolds.fa
100144	/tmp/global2/ssushko/TE_evolution/1001Gp_TE_ANNOT/1001G_fasta_Chr_scaffolds/100144.Chr_scaffolds.fa
100145	/tmp/global2/ssushko/TE_evolution/1001Gp_TE_ANNOT/1001G_fasta_Chr_scaffolds/100145.Chr_scaffolds.fa
100146	/tmp/global2/ssushko/TE_evolution/1001Gp_TE_ANNOT/1001G_fasta_Chr_scaffolds/100146.Chr_scaffolds.fa
100147	/tmp/global2/ssushko/TE_evolution/1001Gp_TE_ANNOT/1001G_fasta_Chr_scaffolds/100147.Chr_scaffolds.fa
100148	/tmp/global2/ssushko/TE_evolution/1001Gp_TE_ANNOT/1001G_fasta_Chr_scaffolds/100148.Chr_scaffolds.fa
100149	/tmp/global2/ssushko/TE_evolution/1001Gp_TE_ANNOT/1001G_fasta_Chr_scaffolds/100149.Chr_scaffolds.fa
100150	/tmp/global2/ssushko/TE_evolution/1001Gp_TE_ANNOT/1001G_fasta_Chr_scaffolds/100150.Chr_scaffolds.fa
100151	/tmp/global2/ssushko/TE_evolution/1001Gp_TE_ANNOT/1001G_fasta_Chr_scaffolds/100151.Chr_scaffolds.fa
100152	/tmp/global2/ssushko/TE_evolution/1001Gp_TE_ANNOT/1001G_fasta_Chr_scaffolds/100152.Chr_scaffolds.fa
100153	/tmp/global2/ssushko/TE_evolution/1001Gp_TE_ANNOT/1001G_fasta_Chr_scaffolds/100153.Chr_scaffolds.fa
100155	/tmp/global2/ssushko/TE_evolution/1001Gp_TE_ANNOT/1001G_fasta_Chr_scaffolds/100155.Chr_scaffolds.fa
100156	/tmp/global2/ssushko/TE_evolution/1001Gp_TE_ANNOT/1001G_fasta_Chr_scaffolds/100156.Chr_scaffolds.fa
100157	/tmp/global2/ssushko/TE_evolution/1001Gp_TE_ANNOT/1001G_fasta_Chr_scaffolds/100157.Chr_scaffolds.fa
100158	/tmp/global2/ssushko/TE_evolution/1001Gp_TE_ANNOT/1001G_fasta_Chr_scaffolds/100158.Chr_scaffolds.fa
100159	/tmp/global2/ssushko/TE_evolution/1001Gp_TE_ANNOT/1001G_fasta_Chr_scaffolds/100159.Chr_scaffolds.fa
100194	/tmp/global2/ssushko/TE_evolution/1001Gp_TE_ANNOT/1001G_fasta_Chr_scaffolds/100194.Chr_scaffolds.fa
100195	/tmp/global2/ssushko/TE_evolution/1001Gp_TE_ANNOT/1001G_fasta_Chr_scaffolds/100195.Chr_scaffolds.fa
100200	/tmp/global2/ssushko/TE_evolution/1001Gp_TE_ANNOT/1001G_fasta_Chr_scaffolds/100200.Chr_scaffolds.fa
100201	/tmp/global2/ssushko/TE_evolution/1001Gp_TE_ANNOT/1001G_fasta_Chr_scaffolds/100201.Chr_scaffolds.fa
100203	/tmp/global2/ssushko/TE_evolution/1001Gp_TE_ANNOT/1001G_fasta_Chr_scaffolds/100203.Chr_scaffolds.fa
100206	/tmp/global2/ssushko/TE_evolution/1001Gp_TE_ANNOT/1001G_fasta_Chr_scaffolds/100206.Chr_scaffolds.fa
100208	/tmp/global2/ssushko/TE_evolution/1001Gp_TE_ANNOT/1001G_fasta_Chr_scaffolds/100208.Chr_scaffolds.fa
100222	/tmp/global2/ssushko/TE_evolution/1001Gp_TE_ANNOT/1001G_fasta_Chr_scaffolds/100222.Chr_scaffolds.fa
100226	/tmp/global2/ssushko/TE_evolution/1001Gp_TE_ANNOT/1001G_fasta_Chr_scaffolds/100226.Chr_scaffolds.fa
100228	/tmp/global2/ssushko/TE_evolution/1001Gp_TE_ANNOT/1001G_fasta_Chr_scaffolds/100228.Chr_scaffolds.fa
100233	/tmp/global2/ssushko/TE_evolution/1001Gp_TE_ANNOT/1001G_fasta_Chr_scaffolds/100233.Chr_scaffolds.fa
100265	/tmp/global2/ssushko/TE_evolution/1001Gp_TE_ANNOT/1001G_fasta_Chr_scaffolds/100265.Chr_scaffolds.fa
100267	/tmp/global2/ssushko/TE_evolution/1001Gp_TE_ANNOT/1001G_fasta_Chr_scaffolds/100267.Chr_scaffolds.fa
100270	/tmp/global2/ssushko/TE_evolution/1001Gp_TE_ANNOT/1001G_fasta_Chr_scaffolds/100270.Chr_scaffolds.fa
100271	/tmp/global2/ssushko/TE_evolution/1001Gp_TE_ANNOT/1001G_fasta_Chr_scaffolds/100271.Chr_scaffolds.fa
100272	/tmp/global2/ssushko/TE_evolution/1001Gp_TE_ANNOT/1001G_fasta_Chr_scaffolds/100272.Chr_scaffolds.fa
100276	/tmp/global2/ssushko/TE_evolution/1001Gp_TE_ANNOT/1001G_fasta_Chr_scaffolds/100276.Chr_scaffolds.fa
100278	/tmp/global2/ssushko/TE_evolution/1001Gp_TE_ANNOT/1001G_fasta_Chr_scaffolds/100278.Chr_scaffolds.fa
100279	/tmp/global2/ssushko/TE_evolution/1001Gp_TE_ANNOT/1001G_fasta_Chr_scaffolds/100279.Chr_scaffolds.fa
100280	/tmp/global2/ssushko/TE_evolution/1001Gp_TE_ANNOT/1001G_fasta_Chr_scaffolds/100280.Chr_scaffolds.fa
100281	/tmp/global2/ssushko/TE_evolution/1001Gp_TE_ANNOT/1001G_fasta_Chr_scaffolds/100281.Chr_scaffolds.fa
100282	/tmp/global2/ssushko/TE_evolution/1001Gp_TE_ANNOT/1001G_fasta_Chr_scaffolds/100282.Chr_scaffolds.fa
100285	/tmp/global2/ssushko/TE_evolution/1001Gp_TE_ANNOT/1001G_fasta_Chr_scaffolds/100285.Chr_scaffolds.fa
100286	/tmp/global2/ssushko/TE_evolution/1001Gp_TE_ANNOT/1001G_fasta_Chr_scaffolds/100286.Chr_scaffolds.fa
100289	/tmp/global2/ssushko/TE_evolution/1001Gp_TE_ANNOT/1001G_fasta_Chr_scaffolds/100289.Chr_scaffolds.fa
100291	/tmp/global2/ssushko/TE_evolution/1001Gp_TE_ANNOT/1001G_fasta_Chr_scaffolds/100291.Chr_scaffolds.fa
100292	/tmp/global2/ssushko/TE_evolution/1001Gp_TE_ANNOT/1001G_fasta_Chr_scaffolds/100292.Chr_scaffolds.fa
100293	/tmp/global2/ssushko/TE_evolution/1001Gp_TE_ANNOT/1001G_fasta_Chr_scaffolds/100293.Chr_scaffolds.fa
100294	/tmp/global2/ssushko/TE_evolution/1001Gp_TE_ANNOT/1001G_fasta_Chr_scaffolds/100294.Chr_scaffolds.fa
100295	/tmp/global2/ssushko/TE_evolution/1001Gp_TE_ANNOT/1001G_fasta_Chr_scaffolds/100295.Chr_scaffolds.fa
100296	/tmp/global2/ssushko/TE_evolution/1001Gp_TE_ANNOT/1001G_fasta_Chr_scaffolds/100296.Chr_scaffolds.fa
100297	/tmp/global2/ssushko/TE_evolution/1001Gp_TE_ANNOT/1001G_fasta_Chr_scaffolds/100297.Chr_scaffolds.fa
100298	/tmp/global2/ssushko/TE_evolution/1001Gp_TE_ANNOT/1001G_fasta_Chr_scaffolds/100298.Chr_scaffolds.fa
100300	/tmp/global2/ssushko/TE_evolution/1001Gp_TE_ANNOT/1001G_fasta_Chr_scaffolds/100300.Chr_scaffolds.fa
100302	/tmp/global2/ssushko/TE_evolution/1001Gp_TE_ANNOT/1001G_fasta_Chr_scaffolds/100302.Chr_scaffolds.fa
100303	/tmp/global2/ssushko/TE_evolution/1001Gp_TE_ANNOT/1001G_fasta_Chr_scaffolds/100303.Chr_scaffolds.fa
100304	/tmp/global2/ssushko/TE_evolution/1001Gp_TE_ANNOT/1001G_fasta_Chr_scaffolds/100304.Chr_scaffolds.fa
100305	/tmp/global2/ssushko/TE_evolution/1001Gp_TE_ANNOT/1001G_fasta_Chr_scaffolds/100305.Chr_scaffolds.fa
100306	/tmp/global2/ssushko/TE_evolution/1001Gp_TE_ANNOT/1001G_fasta_Chr_scaffolds/100306.Chr_scaffolds.fa
100307	/tmp/global2/ssushko/TE_evolution/1001Gp_TE_ANNOT/1001G_fasta_Chr_scaffolds/100307.Chr_scaffolds.fa
100309	/tmp/global2/ssushko/TE_evolution/1001Gp_TE_ANNOT/1001G_fasta_Chr_scaffolds/100309.Chr_scaffolds.fa
100310	/tmp/global2/ssushko/TE_evolution/1001Gp_TE_ANNOT/1001G_fasta_Chr_scaffolds/100310.Chr_scaffolds.fa
100312	/tmp/global2/ssushko/TE_evolution/1001Gp_TE_ANNOT/1001G_fasta_Chr_scaffolds/100312.Chr_scaffolds.fa
100313	/tmp/global2/ssushko/TE_evolution/1001Gp_TE_ANNOT/1001G_fasta_Chr_scaffolds/100313.Chr_scaffolds.fa
100314	/tmp/global2/ssushko/TE_evolution/1001Gp_TE_ANNOT/1001G_fasta_Chr_scaffolds/100314.Chr_scaffolds.fa
100315	/tmp/global2/ssushko/TE_evolution/1001Gp_TE_ANNOT/1001G_fasta_Chr_scaffolds/100315.Chr_scaffolds.fa
100316	/tmp/global2/ssushko/TE_evolution/1001Gp_TE_ANNOT/1001G_fasta_Chr_scaffolds/100316.Chr_scaffolds.fa
100317	/tmp/global2/ssushko/TE_evolution/1001Gp_TE_ANNOT/1001G_fasta_Chr_scaffolds/100317.Chr_scaffolds.fa
100318	/tmp/global2/ssushko/TE_evolution/1001Gp_TE_ANNOT/1001G_fasta_Chr_scaffolds/100318.Chr_scaffolds.fa
100320	/tmp/global2/ssushko/TE_evolution/1001Gp_TE_ANNOT/1001G_fasta_Chr_scaffolds/100320.Chr_scaffolds.fa
100323	/tmp/global2/ssushko/TE_evolution/1001Gp_TE_ANNOT/1001G_fasta_Chr_scaffolds/100323.Chr_scaffolds.fa
100324	/tmp/global2/ssushko/TE_evolution/1001Gp_TE_ANNOT/1001G_fasta_Chr_scaffolds/100324.Chr_scaffolds.fa
100325	/tmp/global2/ssushko/TE_evolution/1001Gp_TE_ANNOT/1001G_fasta_Chr_scaffolds/100325.Chr_scaffolds.fa
100326	/tmp/global2/ssushko/TE_evolution/1001Gp_TE_ANNOT/1001G_fasta_Chr_scaffolds/100326.Chr_scaffolds.fa
100327	/tmp/global2/ssushko/TE_evolution/1001Gp_TE_ANNOT/1001G_fasta_Chr_scaffolds/100327.Chr_scaffolds.fa
100328	/tmp/global2/ssushko/TE_evolution/1001Gp_TE_ANNOT/1001G_fasta_Chr_scaffolds/100328.Chr_scaffolds.fa
100329	/tmp/global2/ssushko/TE_evolution/1001Gp_TE_ANNOT/1001G_fasta_Chr_scaffolds/100329.Chr_scaffolds.fa
100330	/tmp/global2/ssushko/TE_evolution/1001Gp_TE_ANNOT/1001G_fasta_Chr_scaffolds/100330.Chr_scaffolds.fa
100331	/tmp/global2/ssushko/TE_evolution/1001Gp_TE_ANNOT/1001G_fasta_Chr_scaffolds/100331.Chr_scaffolds.fa
100335	/tmp/global2/ssushko/TE_evolution/1001Gp_TE_ANNOT/1001G_fasta_Chr_scaffolds/100335.Chr_scaffolds.fa
100340	/tmp/global2/ssushko/TE_evolution/1001Gp_TE_ANNOT/1001G_fasta_Chr_scaffolds/100340.Chr_scaffolds.fa
100395	/tmp/global2/ssushko/TE_evolution/1001Gp_TE_ANNOT/1001G_fasta_Chr_scaffolds/100395.Chr_scaffolds.fa
100409	/tmp/global2/ssushko/TE_evolution/1001Gp_TE_ANNOT/1001G_fasta_Chr_scaffolds/100409.Chr_scaffolds.fa
100459	/tmp/global2/ssushko/TE_evolution/1001Gp_TE_ANNOT/1001G_fasta_Chr_scaffolds/100459.Chr_scaffolds.fa
100460	/tmp/global2/ssushko/TE_evolution/1001Gp_TE_ANNOT/1001G_fasta_Chr_scaffolds/100460.Chr_scaffolds.fa
100464	/tmp/global2/ssushko/TE_evolution/1001Gp_TE_ANNOT/1001G_fasta_Chr_scaffolds/100464.Chr_scaffolds.fa
100466	/tmp/global2/ssushko/TE_evolution/1001Gp_TE_ANNOT/1001G_fasta_Chr_scaffolds/100466.Chr_scaffolds.fa
100470	/tmp/global2/ssushko/TE_evolution/1001Gp_TE_ANNOT/1001G_fasta_Chr_scaffolds/100470.Chr_scaffolds.fa
100476	/tmp/global2/ssushko/TE_evolution/1001Gp_TE_ANNOT/1001G_fasta_Chr_scaffolds/100476.Chr_scaffolds.fa
100489	/tmp/global2/ssushko/TE_evolution/1001Gp_TE_ANNOT/1001G_fasta_Chr_scaffolds/100489.Chr_scaffolds.fa
100492	/tmp/global2/ssushko/TE_evolution/1001Gp_TE_ANNOT/1001G_fasta_Chr_scaffolds/100492.Chr_scaffolds.fa
100498	/tmp/global2/ssushko/TE_evolution/1001Gp_TE_ANNOT/1001G_fasta_Chr_scaffolds/100498.Chr_scaffolds.fa
100500	/tmp/global2/ssushko/TE_evolution/1001Gp_TE_ANNOT/1001G_fasta_Chr_scaffolds/100500.Chr_scaffolds.fa
100503	/tmp/global2/ssushko/TE_evolution/1001Gp_TE_ANNOT/1001G_fasta_Chr_scaffolds/100503.Chr_scaffolds.fa
100506	/tmp/global2/ssushko/TE_evolution/1001Gp_TE_ANNOT/1001G_fasta_Chr_scaffolds/100506.Chr_scaffolds.fa
100510	/tmp/global2/ssushko/TE_evolution/1001Gp_TE_ANNOT/1001G_fasta_Chr_scaffolds/100510.Chr_scaffolds.fa
100514	/tmp/global2/ssushko/TE_evolution/1001Gp_TE_ANNOT/1001G_fasta_Chr_scaffolds/100514.Chr_scaffolds.fa
100516	/tmp/global2/ssushko/TE_evolution/1001Gp_TE_ANNOT/1001G_fasta_Chr_scaffolds/100516.Chr_scaffolds.fa
100518	/tmp/global2/ssushko/TE_evolution/1001Gp_TE_ANNOT/1001G_fasta_Chr_scaffolds/100518.Chr_scaffolds.fa
100522	/tmp/global2/ssushko/TE_evolution/1001Gp_TE_ANNOT/1001G_fasta_Chr_scaffolds/100522.Chr_scaffolds.fa
100523	/tmp/global2/ssushko/TE_evolution/1001Gp_TE_ANNOT/1001G_fasta_Chr_scaffolds/100523.Chr_scaffolds.fa
100532	/tmp/global2/ssushko/TE_evolution/1001Gp_TE_ANNOT/1001G_fasta_Chr_scaffolds/100532.Chr_scaffolds.fa
100534	/tmp/global2/ssushko/TE_evolution/1001Gp_TE_ANNOT/1001G_fasta_Chr_scaffolds/100534.Chr_scaffolds.fa
100535	/tmp/global2/ssushko/TE_evolution/1001Gp_TE_ANNOT/1001G_fasta_Chr_scaffolds/100535.Chr_scaffolds.fa
100538	/tmp/global2/ssushko/TE_evolution/1001Gp_TE_ANNOT/1001G_fasta_Chr_scaffolds/100538.Chr_scaffolds.fa
100556	/tmp/global2/ssushko/TE_evolution/1001Gp_TE_ANNOT/1001G_fasta_Chr_scaffolds/100556.Chr_scaffolds.fa
100557	/tmp/global2/ssushko/TE_evolution/1001Gp_TE_ANNOT/1001G_fasta_Chr_scaffolds/100557.Chr_scaffolds.fa
100558	/tmp/global2/ssushko/TE_evolution/1001Gp_TE_ANNOT/1001G_fasta_Chr_scaffolds/100558.Chr_scaffolds.fa
100561	/tmp/global2/ssushko/TE_evolution/1001Gp_TE_ANNOT/1001G_fasta_Chr_scaffolds/100561.Chr_scaffolds.fa
100563	/tmp/global2/ssushko/TE_evolution/1001Gp_TE_ANNOT/1001G_fasta_Chr_scaffolds/100563.Chr_scaffolds.fa
100583	/tmp/global2/ssushko/TE_evolution/1001Gp_TE_ANNOT/1001G_fasta_Chr_scaffolds/100583.Chr_scaffolds.fa
100588	/tmp/global2/ssushko/TE_evolution/1001Gp_TE_ANNOT/1001G_fasta_Chr_scaffolds/100588.Chr_scaffolds.fa
100612	/tmp/global2/ssushko/TE_evolution/1001Gp_TE_ANNOT/1001G_fasta_Chr_scaffolds/100612.Chr_scaffolds.fa
100617	/tmp/global2/ssushko/TE_evolution/1001Gp_TE_ANNOT/1001G_fasta_Chr_scaffolds/100617.Chr_scaffolds.fa
100620	/tmp/global2/ssushko/TE_evolution/1001Gp_TE_ANNOT/1001G_fasta_Chr_scaffolds/100620.Chr_scaffolds.fa
100621	/tmp/global2/ssushko/TE_evolution/1001Gp_TE_ANNOT/1001G_fasta_Chr_scaffolds/100621.Chr_scaffolds.fa
100622	/tmp/global2/ssushko/TE_evolution/1001Gp_TE_ANNOT/1001G_fasta_Chr_scaffolds/100622.Chr_scaffolds.fa
100623	/tmp/global2/ssushko/TE_evolution/1001Gp_TE_ANNOT/1001G_fasta_Chr_scaffolds/100623.Chr_scaffolds.fa
100642	/tmp/global2/ssushko/TE_evolution/1001Gp_TE_ANNOT/1001G_fasta_Chr_scaffolds/100642.Chr_scaffolds.fa
100645	/tmp/global2/ssushko/TE_evolution/1001Gp_TE_ANNOT/1001G_fasta_Chr_scaffolds/100645.Chr_scaffolds.fa
100647	/tmp/global2/ssushko/TE_evolution/1001Gp_TE_ANNOT/1001G_fasta_Chr_scaffolds/100647.Chr_scaffolds.fa
100649	/tmp/global2/ssushko/TE_evolution/1001Gp_TE_ANNOT/1001G_fasta_Chr_scaffolds/100649.Chr_scaffolds.fa
100653	/tmp/global2/ssushko/TE_evolution/1001Gp_TE_ANNOT/1001G_fasta_Chr_scaffolds/100653.Chr_scaffolds.fa
100655	/tmp/global2/ssushko/TE_evolution/1001Gp_TE_ANNOT/1001G_fasta_Chr_scaffolds/100655.Chr_scaffolds.fa
100657	/tmp/global2/ssushko/TE_evolution/1001Gp_TE_ANNOT/1001G_fasta_Chr_scaffolds/100657.Chr_scaffolds.fa
100660	/tmp/global2/ssushko/TE_evolution/1001Gp_TE_ANNOT/1001G_fasta_Chr_scaffolds/100660.Chr_scaffolds.fa
100663	/tmp/global2/ssushko/TE_evolution/1001Gp_TE_ANNOT/1001G_fasta_Chr_scaffolds/100663.Chr_scaffolds.fa
100664	/tmp/global2/ssushko/TE_evolution/1001Gp_TE_ANNOT/1001G_fasta_Chr_scaffolds/100664.Chr_scaffolds.fa
100665	/tmp/global2/ssushko/TE_evolution/1001Gp_TE_ANNOT/1001G_fasta_Chr_scaffolds/100665.Chr_scaffolds.fa
100666	/tmp/global2/ssushko/TE_evolution/1001Gp_TE_ANNOT/1001G_fasta_Chr_scaffolds/100666.Chr_scaffolds.fa
100667	/tmp/global2/ssushko/TE_evolution/1001Gp_TE_ANNOT/1001G_fasta_Chr_scaffolds/100667.Chr_scaffolds.fa
100668	/tmp/global2/ssushko/TE_evolution/1001Gp_TE_ANNOT/1001G_fasta_Chr_scaffolds/100668.Chr_scaffolds.fa
100669	/tmp/global2/ssushko/TE_evolution/1001Gp_TE_ANNOT/1001G_fasta_Chr_scaffolds/100669.Chr_scaffolds.fa
100670	/tmp/global2/ssushko/TE_evolution/1001Gp_TE_ANNOT/1001G_fasta_Chr_scaffolds/100670.Chr_scaffolds.fa
100671	/tmp/global2/ssushko/TE_evolution/1001Gp_TE_ANNOT/1001G_fasta_Chr_scaffolds/100671.Chr_scaffolds.fa
100672	/tmp/global2/ssushko/TE_evolution/1001Gp_TE_ANNOT/1001G_fasta_Chr_scaffolds/100672.Chr_scaffolds.fa
100673	/tmp/global2/ssushko/TE_evolution/1001Gp_TE_ANNOT/1001G_fasta_Chr_scaffolds/100673.Chr_scaffolds.fa
100674	/tmp/global2/ssushko/TE_evolution/1001Gp_TE_ANNOT/1001G_fasta_Chr_scaffolds/100674.Chr_scaffolds.fa
100675	/tmp/global2/ssushko/TE_evolution/1001Gp_TE_ANNOT/1001G_fasta_Chr_scaffolds/100675.Chr_scaffolds.fa
100676	/tmp/global2/ssushko/TE_evolution/1001Gp_TE_ANNOT/1001G_fasta_Chr_scaffolds/100676.Chr_scaffolds.fa
100677	/tmp/global2/ssushko/TE_evolution/1001Gp_TE_ANNOT/1001G_fasta_Chr_scaffolds/100677.Chr_scaffolds.fa
100678	/tmp/global2/ssushko/TE_evolution/1001Gp_TE_ANNOT/1001G_fasta_Chr_scaffolds/100678.Chr_scaffolds.fa
100679	/tmp/global2/ssushko/TE_evolution/1001Gp_TE_ANNOT/1001G_fasta_Chr_scaffolds/100679.Chr_scaffolds.fa
100680	/tmp/global2/ssushko/TE_evolution/1001Gp_TE_ANNOT/1001G_fasta_Chr_scaffolds/100680.Chr_scaffolds.fa
100681	/tmp/global2/ssushko/TE_evolution/1001Gp_TE_ANNOT/1001G_fasta_Chr_scaffolds/100681.Chr_scaffolds.fa
100682	/tmp/global2/ssushko/TE_evolution/1001Gp_TE_ANNOT/1001G_fasta_Chr_scaffolds/100682.Chr_scaffolds.fa
100683	/tmp/global2/ssushko/TE_evolution/1001Gp_TE_ANNOT/1001G_fasta_Chr_scaffolds/100683.Chr_scaffolds.fa
100684	/tmp/global2/ssushko/TE_evolution/1001Gp_TE_ANNOT/1001G_fasta_Chr_scaffolds/100684.Chr_scaffolds.fa
100685	/tmp/global2/ssushko/TE_evolution/1001Gp_TE_ANNOT/1001G_fasta_Chr_scaffolds/100685.Chr_scaffolds.fa
100686	/tmp/global2/ssushko/TE_evolution/1001Gp_TE_ANNOT/1001G_fasta_Chr_scaffolds/100686.Chr_scaffolds.fa
100687	/tmp/global2/ssushko/TE_evolution/1001Gp_TE_ANNOT/1001G_fasta_Chr_scaffolds/100687.Chr_scaffolds.fa
100688	/tmp/global2/ssushko/TE_evolution/1001Gp_TE_ANNOT/1001G_fasta_Chr_scaffolds/100688.Chr_scaffolds.fa
100689	/tmp/global2/ssushko/TE_evolution/1001Gp_TE_ANNOT/1001G_fasta_Chr_scaffolds/100689.Chr_scaffolds.fa
100690	/tmp/global2/ssushko/TE_evolution/1001Gp_TE_ANNOT/1001G_fasta_Chr_scaffolds/100690.Chr_scaffolds.fa
100691	/tmp/global2/ssushko/TE_evolution/1001Gp_TE_ANNOT/1001G_fasta_Chr_scaffolds/100691.Chr_scaffolds.fa
100692	/tmp/global2/ssushko/TE_evolution/1001Gp_TE_ANNOT/1001G_fasta_Chr_scaffolds/100692.Chr_scaffolds.fa
100693	/tmp/global2/ssushko/TE_evolution/1001Gp_TE_ANNOT/1001G_fasta_Chr_scaffolds/100693.Chr_scaffolds.fa
100694	/tmp/global2/ssushko/TE_evolution/1001Gp_TE_ANNOT/1001G_fasta_Chr_scaffolds/100694.Chr_scaffolds.fa
100695	/tmp/global2/ssushko/TE_evolution/1001Gp_TE_ANNOT/1001G_fasta_Chr_scaffolds/100695.Chr_scaffolds.fa
100696	/tmp/global2/ssushko/TE_evolution/1001Gp_TE_ANNOT/1001G_fasta_Chr_scaffolds/100696.Chr_scaffolds.fa
100697	/tmp/global2/ssushko/TE_evolution/1001Gp_TE_ANNOT/1001G_fasta_Chr_scaffolds/100697.Chr_scaffolds.fa
100698	/tmp/global2/ssushko/TE_evolution/1001Gp_TE_ANNOT/1001G_fasta_Chr_scaffolds/100698.Chr_scaffolds.fa
100699	/tmp/global2/ssushko/TE_evolution/1001Gp_TE_ANNOT/1001G_fasta_Chr_scaffolds/100699.Chr_scaffolds.fa
100700	/tmp/global2/ssushko/TE_evolution/1001Gp_TE_ANNOT/1001G_fasta_Chr_scaffolds/100700.Chr_scaffolds.fa
100701	/tmp/global2/ssushko/TE_evolution/1001Gp_TE_ANNOT/1001G_fasta_Chr_scaffolds/100701.Chr_scaffolds.fa
100702	/tmp/global2/ssushko/TE_evolution/1001Gp_TE_ANNOT/1001G_fasta_Chr_scaffolds/100702.Chr_scaffolds.fa
100703	/tmp/global2/ssushko/TE_evolution/1001Gp_TE_ANNOT/1001G_fasta_Chr_scaffolds/100703.Chr_scaffolds.fa
100704	/tmp/global2/ssushko/TE_evolution/1001Gp_TE_ANNOT/1001G_fasta_Chr_scaffolds/100704.Chr_scaffolds.fa
100705	/tmp/global2/ssushko/TE_evolution/1001Gp_TE_ANNOT/1001G_fasta_Chr_scaffolds/100705.Chr_scaffolds.fa
100706	/tmp/global2/ssushko/TE_evolution/1001Gp_TE_ANNOT/1001G_fasta_Chr_scaffolds/100706.Chr_scaffolds.fa
100707	/tmp/global2/ssushko/TE_evolution/1001Gp_TE_ANNOT/1001G_fasta_Chr_scaffolds/100707.Chr_scaffolds.fa
100708	/tmp/global2/ssushko/TE_evolution/1001Gp_TE_ANNOT/1001G_fasta_Chr_scaffolds/100708.Chr_scaffolds.fa
100709	/tmp/global2/ssushko/TE_evolution/1001Gp_TE_ANNOT/1001G_fasta_Chr_scaffolds/100709.Chr_scaffolds.fa
100710	/tmp/global2/ssushko/TE_evolution/1001Gp_TE_ANNOT/1001G_fasta_Chr_scaffolds/100710.Chr_scaffolds.fa
100711	/tmp/global2/ssushko/TE_evolution/1001Gp_TE_ANNOT/1001G_fasta_Chr_scaffolds/100711.Chr_scaffolds.fa
100712	/tmp/global2/ssushko/TE_evolution/1001Gp_TE_ANNOT/1001G_fasta_Chr_scaffolds/100712.Chr_scaffolds.fa
100713	/tmp/global2/ssushko/TE_evolution/1001Gp_TE_ANNOT/1001G_fasta_Chr_scaffolds/100713.Chr_scaffolds.fa
100714	/tmp/global2/ssushko/TE_evolution/1001Gp_TE_ANNOT/1001G_fasta_Chr_scaffolds/100714.Chr_scaffolds.fa
100715	/tmp/global2/ssushko/TE_evolution/1001Gp_TE_ANNOT/1001G_fasta_Chr_scaffolds/100715.Chr_scaffolds.fa
100716	/tmp/global2/ssushko/TE_evolution/1001Gp_TE_ANNOT/1001G_fasta_Chr_scaffolds/100716.Chr_scaffolds.fa
100717	/tmp/global2/ssushko/TE_evolution/1001Gp_TE_ANNOT/1001G_fasta_Chr_scaffolds/100717.Chr_scaffolds.fa
100718	/tmp/global2/ssushko/TE_evolution/1001Gp_TE_ANNOT/1001G_fasta_Chr_scaffolds/100718.Chr_scaffolds.fa
100719	/tmp/global2/ssushko/TE_evolution/1001Gp_TE_ANNOT/1001G_fasta_Chr_scaffolds/100719.Chr_scaffolds.fa
100720	/tmp/global2/ssushko/TE_evolution/1001Gp_TE_ANNOT/1001G_fasta_Chr_scaffolds/100720.Chr_scaffolds.fa
100721	/tmp/global2/ssushko/TE_evolution/1001Gp_TE_ANNOT/1001G_fasta_Chr_scaffolds/100721.Chr_scaffolds.fa
100722	/tmp/global2/ssushko/TE_evolution/1001Gp_TE_ANNOT/1001G_fasta_Chr_scaffolds/100722.Chr_scaffolds.fa
100723	/tmp/global2/ssushko/TE_evolution/1001Gp_TE_ANNOT/1001G_fasta_Chr_scaffolds/100723.Chr_scaffolds.fa
100724	/tmp/global2/ssushko/TE_evolution/1001Gp_TE_ANNOT/1001G_fasta_Chr_scaffolds/100724.Chr_scaffolds.fa
100725	/tmp/global2/ssushko/TE_evolution/1001Gp_TE_ANNOT/1001G_fasta_Chr_scaffolds/100725.Chr_scaffolds.fa
100726	/tmp/global2/ssushko/TE_evolution/1001Gp_TE_ANNOT/1001G_fasta_Chr_scaffolds/100726.Chr_scaffolds.fa
100727	/tmp/global2/ssushko/TE_evolution/1001Gp_TE_ANNOT/1001G_fasta_Chr_scaffolds/100727.Chr_scaffolds.fa
100728	/tmp/global2/ssushko/TE_evolution/1001Gp_TE_ANNOT/1001G_fasta_Chr_scaffolds/100728.Chr_scaffolds.fa
100729	/tmp/global2/ssushko/TE_evolution/1001Gp_TE_ANNOT/1001G_fasta_Chr_scaffolds/100729.Chr_scaffolds.fa
100730	/tmp/global2/ssushko/TE_evolution/1001Gp_TE_ANNOT/1001G_fasta_Chr_scaffolds/100730.Chr_scaffolds.fa
100731	/tmp/global2/ssushko/TE_evolution/1001Gp_TE_ANNOT/1001G_fasta_Chr_scaffolds/100731.Chr_scaffolds.fa
100732	/tmp/global2/ssushko/TE_evolution/1001Gp_TE_ANNOT/1001G_fasta_Chr_scaffolds/100732.Chr_scaffolds.fa
100733	/tmp/global2/ssushko/TE_evolution/1001Gp_TE_ANNOT/1001G_fasta_Chr_scaffolds/100733.Chr_scaffolds.fa
100734	/tmp/global2/ssushko/TE_evolution/1001Gp_TE_ANNOT/1001G_fasta_Chr_scaffolds/100734.Chr_scaffolds.fa
100735	/tmp/global2/ssushko/TE_evolution/1001Gp_TE_ANNOT/1001G_fasta_Chr_scaffolds/100735.Chr_scaffolds.fa
100736	/tmp/global2/ssushko/TE_evolution/1001Gp_TE_ANNOT/1001G_fasta_Chr_scaffolds/100736.Chr_scaffolds.fa
100737	/tmp/global2/ssushko/TE_evolution/1001Gp_TE_ANNOT/1001G_fasta_Chr_scaffolds/100737.Chr_scaffolds.fa
100738	/tmp/global2/ssushko/TE_evolution/1001Gp_TE_ANNOT/1001G_fasta_Chr_scaffolds/100738.Chr_scaffolds.fa
100739	/tmp/global2/ssushko/TE_evolution/1001Gp_TE_ANNOT/1001G_fasta_Chr_scaffolds/100739.Chr_scaffolds.fa
100740	/tmp/global2/ssushko/TE_evolution/1001Gp_TE_ANNOT/1001G_fasta_Chr_scaffolds/100740.Chr_scaffolds.fa
100741	/tmp/global2/ssushko/TE_evolution/1001Gp_TE_ANNOT/1001G_fasta_Chr_scaffolds/100741.Chr_scaffolds.fa
100742	/tmp/global2/ssushko/TE_evolution/1001Gp_TE_ANNOT/1001G_fasta_Chr_scaffolds/100742.Chr_scaffolds.fa
100743	/tmp/global2/ssushko/TE_evolution/1001Gp_TE_ANNOT/1001G_fasta_Chr_scaffolds/100743.Chr_scaffolds.fa
100744	/tmp/global2/ssushko/TE_evolution/1001Gp_TE_ANNOT/1001G_fasta_Chr_scaffolds/100744.Chr_scaffolds.fa
100745	/tmp/global2/ssushko/TE_evolution/1001Gp_TE_ANNOT/1001G_fasta_Chr_scaffolds/100745.Chr_scaffolds.fa
100746	/tmp/global2/ssushko/TE_evolution/1001Gp_TE_ANNOT/1001G_fasta_Chr_scaffolds/100746.Chr_scaffolds.fa
100747	/tmp/global2/ssushko/TE_evolution/1001Gp_TE_ANNOT/1001G_fasta_Chr_scaffolds/100747.Chr_scaffolds.fa
100748	/tmp/global2/ssushko/TE_evolution/1001Gp_TE_ANNOT/1001G_fasta_Chr_scaffolds/100748.Chr_scaffolds.fa
100749	/tmp/global2/ssushko/TE_evolution/1001Gp_TE_ANNOT/1001G_fasta_Chr_scaffolds/100749.Chr_scaffolds.fa
100750	/tmp/global2/ssushko/TE_evolution/1001Gp_TE_ANNOT/1001G_fasta_Chr_scaffolds/100750.Chr_scaffolds.fa
100751	/tmp/global2/ssushko/TE_evolution/1001Gp_TE_ANNOT/1001G_fasta_Chr_scaffolds/100751.Chr_scaffolds.fa
100752	/tmp/global2/ssushko/TE_evolution/1001Gp_TE_ANNOT/1001G_fasta_Chr_scaffolds/100752.Chr_scaffolds.fa
100753	/tmp/global2/ssushko/TE_evolution/1001Gp_TE_ANNOT/1001G_fasta_Chr_scaffolds/100753.Chr_scaffolds.fa
100754	/tmp/global2/ssushko/TE_evolution/1001Gp_TE_ANNOT/1001G_fasta_Chr_scaffolds/100754.Chr_scaffolds.fa
100755	/tmp/global2/ssushko/TE_evolution/1001Gp_TE_ANNOT/1001G_fasta_Chr_scaffolds/100755.Chr_scaffolds.fa
100756	/tmp/global2/ssushko/TE_evolution/1001Gp_TE_ANNOT/1001G_fasta_Chr_scaffolds/100756.Chr_scaffolds.fa
100757	/tmp/global2/ssushko/TE_evolution/1001Gp_TE_ANNOT/1001G_fasta_Chr_scaffolds/100757.Chr_scaffolds.fa
100758	/tmp/global2/ssushko/TE_evolution/1001Gp_TE_ANNOT/1001G_fasta_Chr_scaffolds/100758.Chr_scaffolds.fa
100759	/tmp/global2/ssushko/TE_evolution/1001Gp_TE_ANNOT/1001G_fasta_Chr_scaffolds/100759.Chr_scaffolds.fa
100760	/tmp/global2/ssushko/TE_evolution/1001Gp_TE_ANNOT/1001G_fasta_Chr_scaffolds/100760.Chr_scaffolds.fa
100761	/tmp/global2/ssushko/TE_evolution/1001Gp_TE_ANNOT/1001G_fasta_Chr_scaffolds/100761.Chr_scaffolds.fa
100762	/tmp/global2/ssushko/TE_evolution/1001Gp_TE_ANNOT/1001G_fasta_Chr_scaffolds/100762.Chr_scaffolds.fa
100763	/tmp/global2/ssushko/TE_evolution/1001Gp_TE_ANNOT/1001G_fasta_Chr_scaffolds/100763.Chr_scaffolds.fa
100764	/tmp/global2/ssushko/TE_evolution/1001Gp_TE_ANNOT/1001G_fasta_Chr_scaffolds/100764.Chr_scaffolds.fa
100765	/tmp/global2/ssushko/TE_evolution/1001Gp_TE_ANNOT/1001G_fasta_Chr_scaffolds/100765.Chr_scaffolds.fa
100766	/tmp/global2/ssushko/TE_evolution/1001Gp_TE_ANNOT/1001G_fasta_Chr_scaffolds/100766.Chr_scaffolds.fa
100767	/tmp/global2/ssushko/TE_evolution/1001Gp_TE_ANNOT/1001G_fasta_Chr_scaffolds/100767.Chr_scaffolds.fa
100768	/tmp/global2/ssushko/TE_evolution/1001Gp_TE_ANNOT/1001G_fasta_Chr_scaffolds/100768.Chr_scaffolds.fa
100769	/tmp/global2/ssushko/TE_evolution/1001Gp_TE_ANNOT/1001G_fasta_Chr_scaffolds/100769.Chr_scaffolds.fa
100770	/tmp/global2/ssushko/TE_evolution/1001Gp_TE_ANNOT/1001G_fasta_Chr_scaffolds/100770.Chr_scaffolds.fa
100772	/tmp/global2/ssushko/TE_evolution/1001Gp_TE_ANNOT/1001G_fasta_Chr_scaffolds/100772.Chr_scaffolds.fa
100773	/tmp/global2/ssushko/TE_evolution/1001Gp_TE_ANNOT/1001G_fasta_Chr_scaffolds/100773.Chr_scaffolds.fa
100774	/tmp/global2/ssushko/TE_evolution/1001Gp_TE_ANNOT/1001G_fasta_Chr_scaffolds/100774.Chr_scaffolds.fa
100775	/tmp/global2/ssushko/TE_evolution/1001Gp_TE_ANNOT/1001G_fasta_Chr_scaffolds/100775.Chr_scaffolds.fa
100776	/tmp/global2/ssushko/TE_evolution/1001Gp_TE_ANNOT/1001G_fasta_Chr_scaffolds/100776.Chr_scaffolds.fa
100777	/tmp/global2/ssushko/TE_evolution/1001Gp_TE_ANNOT/1001G_fasta_Chr_scaffolds/100777.Chr_scaffolds.fa
100778	/tmp/global2/ssushko/TE_evolution/1001Gp_TE_ANNOT/1001G_fasta_Chr_scaffolds/100778.Chr_scaffolds.fa
100779	/tmp/global2/ssushko/TE_evolution/1001Gp_TE_ANNOT/1001G_fasta_Chr_scaffolds/100779.Chr_scaffolds.fa
100780	/tmp/global2/ssushko/TE_evolution/1001Gp_TE_ANNOT/1001G_fasta_Chr_scaffolds/100780.Chr_scaffolds.fa
100781	/tmp/global2/ssushko/TE_evolution/1001Gp_TE_ANNOT/1001G_fasta_Chr_scaffolds/100781.Chr_scaffolds.fa
100782	/tmp/global2/ssushko/TE_evolution/1001Gp_TE_ANNOT/1001G_fasta_Chr_scaffolds/100782.Chr_scaffolds.fa
100783	/tmp/global2/ssushko/TE_evolution/1001Gp_TE_ANNOT/1001G_fasta_Chr_scaffolds/100783.Chr_scaffolds.fa
100784	/tmp/global2/ssushko/TE_evolution/1001Gp_TE_ANNOT/1001G_fasta_Chr_scaffolds/100784.Chr_scaffolds.fa
100785	/tmp/global2/ssushko/TE_evolution/1001Gp_TE_ANNOT/1001G_fasta_Chr_scaffolds/100785.Chr_scaffolds.fa
100786	/tmp/global2/ssushko/TE_evolution/1001Gp_TE_ANNOT/1001G_fasta_Chr_scaffolds/100786.Chr_scaffolds.fa
100787	/tmp/global2/ssushko/TE_evolution/1001Gp_TE_ANNOT/1001G_fasta_Chr_scaffolds/100787.Chr_scaffolds.fa
100788	/tmp/global2/ssushko/TE_evolution/1001Gp_TE_ANNOT/1001G_fasta_Chr_scaffolds/100788.Chr_scaffolds.fa
100789	/tmp/global2/ssushko/TE_evolution/1001Gp_TE_ANNOT/1001G_fasta_Chr_scaffolds/100789.Chr_scaffolds.fa
100790	/tmp/global2/ssushko/TE_evolution/1001Gp_TE_ANNOT/1001G_fasta_Chr_scaffolds/100790.Chr_scaffolds.fa
100791	/tmp/global2/ssushko/TE_evolution/1001Gp_TE_ANNOT/1001G_fasta_Chr_scaffolds/100791.Chr_scaffolds.fa
100792	/tmp/global2/ssushko/TE_evolution/1001Gp_TE_ANNOT/1001G_fasta_Chr_scaffolds/100792.Chr_scaffolds.fa
100793	/tmp/global2/ssushko/TE_evolution/1001Gp_TE_ANNOT/1001G_fasta_Chr_scaffolds/100793.Chr_scaffolds.fa
100794	/tmp/global2/ssushko/TE_evolution/1001Gp_TE_ANNOT/1001G_fasta_Chr_scaffolds/100794.Chr_scaffolds.fa
100795	/tmp/global2/ssushko/TE_evolution/1001Gp_TE_ANNOT/1001G_fasta_Chr_scaffolds/100795.Chr_scaffolds.fa
100796	/tmp/global2/ssushko/TE_evolution/1001Gp_TE_ANNOT/1001G_fasta_Chr_scaffolds/100796.Chr_scaffolds.fa
100797	/tmp/global2/ssushko/TE_evolution/1001Gp_TE_ANNOT/1001G_fasta_Chr_scaffolds/100797.Chr_scaffolds.fa
100798	/tmp/global2/ssushko/TE_evolution/1001Gp_TE_ANNOT/1001G_fasta_Chr_scaffolds/100798.Chr_scaffolds.fa
100799	/tmp/global2/ssushko/TE_evolution/1001Gp_TE_ANNOT/1001G_fasta_Chr_scaffolds/100799.Chr_scaffolds.fa
100800	/tmp/global2/ssushko/TE_evolution/1001Gp_TE_ANNOT/1001G_fasta_Chr_scaffolds/100800.Chr_scaffolds.fa
100801	/tmp/global2/ssushko/TE_evolution/1001Gp_TE_ANNOT/1001G_fasta_Chr_scaffolds/100801.Chr_scaffolds.fa
100802	/tmp/global2/ssushko/TE_evolution/1001Gp_TE_ANNOT/1001G_fasta_Chr_scaffolds/100802.Chr_scaffolds.fa
100803	/tmp/global2/ssushko/TE_evolution/1001Gp_TE_ANNOT/1001G_fasta_Chr_scaffolds/100803.Chr_scaffolds.fa
100804	/tmp/global2/ssushko/TE_evolution/1001Gp_TE_ANNOT/1001G_fasta_Chr_scaffolds/100804.Chr_scaffolds.fa
100805	/tmp/global2/ssushko/TE_evolution/1001Gp_TE_ANNOT/1001G_fasta_Chr_scaffolds/100805.Chr_scaffolds.fa
100806	/tmp/global2/ssushko/TE_evolution/1001Gp_TE_ANNOT/1001G_fasta_Chr_scaffolds/100806.Chr_scaffolds.fa
100807	/tmp/global2/ssushko/TE_evolution/1001Gp_TE_ANNOT/1001G_fasta_Chr_scaffolds/100807.Chr_scaffolds.fa
100808	/tmp/global2/ssushko/TE_evolution/1001Gp_TE_ANNOT/1001G_fasta_Chr_scaffolds/100808.Chr_scaffolds.fa
100809	/tmp/global2/ssushko/TE_evolution/1001Gp_TE_ANNOT/1001G_fasta_Chr_scaffolds/100809.Chr_scaffolds.fa
100810	/tmp/global2/ssushko/TE_evolution/1001Gp_TE_ANNOT/1001G_fasta_Chr_scaffolds/100810.Chr_scaffolds.fa
100811	/tmp/global2/ssushko/TE_evolution/1001Gp_TE_ANNOT/1001G_fasta_Chr_scaffolds/100811.Chr_scaffolds.fa
100812	/tmp/global2/ssushko/TE_evolution/1001Gp_TE_ANNOT/1001G_fasta_Chr_scaffolds/100812.Chr_scaffolds.fa
100813	/tmp/global2/ssushko/TE_evolution/1001Gp_TE_ANNOT/1001G_fasta_Chr_scaffolds/100813.Chr_scaffolds.fa
100814	/tmp/global2/ssushko/TE_evolution/1001Gp_TE_ANNOT/1001G_fasta_Chr_scaffolds/100814.Chr_scaffolds.fa
100815	/tmp/global2/ssushko/TE_evolution/1001Gp_TE_ANNOT/1001G_fasta_Chr_scaffolds/100815.Chr_scaffolds.fa
100816	/tmp/global2/ssushko/TE_evolution/1001Gp_TE_ANNOT/1001G_fasta_Chr_scaffolds/100816.Chr_scaffolds.fa
100817	/tmp/global2/ssushko/TE_evolution/1001Gp_TE_ANNOT/1001G_fasta_Chr_scaffolds/100817.Chr_scaffolds.fa
100818	/tmp/global2/ssushko/TE_evolution/1001Gp_TE_ANNOT/1001G_fasta_Chr_scaffolds/100818.Chr_scaffolds.fa
100819	/tmp/global2/ssushko/TE_evolution/1001Gp_TE_ANNOT/1001G_fasta_Chr_scaffolds/100819.Chr_scaffolds.fa
100820	/tmp/global2/ssushko/TE_evolution/1001Gp_TE_ANNOT/1001G_fasta_Chr_scaffolds/100820.Chr_scaffolds.fa
100821	/tmp/global2/ssushko/TE_evolution/1001Gp_TE_ANNOT/1001G_fasta_Chr_scaffolds/100821.Chr_scaffolds.fa
100822	/tmp/global2/ssushko/TE_evolution/1001Gp_TE_ANNOT/1001G_fasta_Chr_scaffolds/100822.Chr_scaffolds.fa
100823	/tmp/global2/ssushko/TE_evolution/1001Gp_TE_ANNOT/1001G_fasta_Chr_scaffolds/100823.Chr_scaffolds.fa
100824	/tmp/global2/ssushko/TE_evolution/1001Gp_TE_ANNOT/1001G_fasta_Chr_scaffolds/100824.Chr_scaffolds.fa
100825	/tmp/global2/ssushko/TE_evolution/1001Gp_TE_ANNOT/1001G_fasta_Chr_scaffolds/100825.Chr_scaffolds.fa
100826	/tmp/global2/ssushko/TE_evolution/1001Gp_TE_ANNOT/1001G_fasta_Chr_scaffolds/100826.Chr_scaffolds.fa
100827	/tmp/global2/ssushko/TE_evolution/1001Gp_TE_ANNOT/1001G_fasta_Chr_scaffolds/100827.Chr_scaffolds.fa
100828	/tmp/global2/ssushko/TE_evolution/1001Gp_TE_ANNOT/1001G_fasta_Chr_scaffolds/100828.Chr_scaffolds.fa
100829	/tmp/global2/ssushko/TE_evolution/1001Gp_TE_ANNOT/1001G_fasta_Chr_scaffolds/100829.Chr_scaffolds.fa
100830	/tmp/global2/ssushko/TE_evolution/1001Gp_TE_ANNOT/1001G_fasta_Chr_scaffolds/100830.Chr_scaffolds.fa
100831	/tmp/global2/ssushko/TE_evolution/1001Gp_TE_ANNOT/1001G_fasta_Chr_scaffolds/100831.Chr_scaffolds.fa
100832	/tmp/global2/ssushko/TE_evolution/1001Gp_TE_ANNOT/1001G_fasta_Chr_scaffolds/100832.Chr_scaffolds.fa
100833	/tmp/global2/ssushko/TE_evolution/1001Gp_TE_ANNOT/1001G_fasta_Chr_scaffolds/100833.Chr_scaffolds.fa
100834	/tmp/global2/ssushko/TE_evolution/1001Gp_TE_ANNOT/1001G_fasta_Chr_scaffolds/100834.Chr_scaffolds.fa
100835	/tmp/global2/ssushko/TE_evolution/1001Gp_TE_ANNOT/1001G_fasta_Chr_scaffolds/100835.Chr_scaffolds.fa
100836	/tmp/global2/ssushko/TE_evolution/1001Gp_TE_ANNOT/1001G_fasta_Chr_scaffolds/100836.Chr_scaffolds.fa
100837	/tmp/global2/ssushko/TE_evolution/1001Gp_TE_ANNOT/1001G_fasta_Chr_scaffolds/100837.Chr_scaffolds.fa
100838	/tmp/global2/ssushko/TE_evolution/1001Gp_TE_ANNOT/1001G_fasta_Chr_scaffolds/100838.Chr_scaffolds.fa
100839	/tmp/global2/ssushko/TE_evolution/1001Gp_TE_ANNOT/1001G_fasta_Chr_scaffolds/100839.Chr_scaffolds.fa
100840	/tmp/global2/ssushko/TE_evolution/1001Gp_TE_ANNOT/1001G_fasta_Chr_scaffolds/100840.Chr_scaffolds.fa
100841	/tmp/global2/ssushko/TE_evolution/1001Gp_TE_ANNOT/1001G_fasta_Chr_scaffolds/100841.Chr_scaffolds.fa
100842	/tmp/global2/ssushko/TE_evolution/1001Gp_TE_ANNOT/1001G_fasta_Chr_scaffolds/100842.Chr_scaffolds.fa
100843	/tmp/global2/ssushko/TE_evolution/1001Gp_TE_ANNOT/1001G_fasta_Chr_scaffolds/100843.Chr_scaffolds.fa
100844	/tmp/global2/ssushko/TE_evolution/1001Gp_TE_ANNOT/1001G_fasta_Chr_scaffolds/100844.Chr_scaffolds.fa
100845	/tmp/global2/ssushko/TE_evolution/1001Gp_TE_ANNOT/1001G_fasta_Chr_scaffolds/100845.Chr_scaffolds.fa
100846	/tmp/global2/ssushko/TE_evolution/1001Gp_TE_ANNOT/1001G_fasta_Chr_scaffolds/100846.Chr_scaffolds.fa
100847	/tmp/global2/ssushko/TE_evolution/1001Gp_TE_ANNOT/1001G_fasta_Chr_scaffolds/100847.Chr_scaffolds.fa
100848	/tmp/global2/ssushko/TE_evolution/1001Gp_TE_ANNOT/1001G_fasta_Chr_scaffolds/100848.Chr_scaffolds.fa
100849	/tmp/global2/ssushko/TE_evolution/1001Gp_TE_ANNOT/1001G_fasta_Chr_scaffolds/100849.Chr_scaffolds.fa
100850	/tmp/global2/ssushko/TE_evolution/1001Gp_TE_ANNOT/1001G_fasta_Chr_scaffolds/100850.Chr_scaffolds.fa
100851	/tmp/global2/ssushko/TE_evolution/1001Gp_TE_ANNOT/1001G_fasta_Chr_scaffolds/100851.Chr_scaffolds.fa
100852	/tmp/global2/ssushko/TE_evolution/1001Gp_TE_ANNOT/1001G_fasta_Chr_scaffolds/100852.Chr_scaffolds.fa
100853	/tmp/global2/ssushko/TE_evolution/1001Gp_TE_ANNOT/1001G_fasta_Chr_scaffolds/100853.Chr_scaffolds.fa
100854	/tmp/global2/ssushko/TE_evolution/1001Gp_TE_ANNOT/1001G_fasta_Chr_scaffolds/100854.Chr_scaffolds.fa
100855	/tmp/global2/ssushko/TE_evolution/1001Gp_TE_ANNOT/1001G_fasta_Chr_scaffolds/100855.Chr_scaffolds.fa
100856	/tmp/global2/ssushko/TE_evolution/1001Gp_TE_ANNOT/1001G_fasta_Chr_scaffolds/100856.Chr_scaffolds.fa
100857	/tmp/global2/ssushko/TE_evolution/1001Gp_TE_ANNOT/1001G_fasta_Chr_scaffolds/100857.Chr_scaffolds.fa
100858	/tmp/global2/ssushko/TE_evolution/1001Gp_TE_ANNOT/1001G_fasta_Chr_scaffolds/100858.Chr_scaffolds.fa
100859	/tmp/global2/ssushko/TE_evolution/1001Gp_TE_ANNOT/1001G_fasta_Chr_scaffolds/100859.Chr_scaffolds.fa
100860	/tmp/global2/ssushko/TE_evolution/1001Gp_TE_ANNOT/1001G_fasta_Chr_scaffolds/100860.Chr_scaffolds.fa
100861	/tmp/global2/ssushko/TE_evolution/1001Gp_TE_ANNOT/1001G_fasta_Chr_scaffolds/100861.Chr_scaffolds.fa
100862	/tmp/global2/ssushko/TE_evolution/1001Gp_TE_ANNOT/1001G_fasta_Chr_scaffolds/100862.Chr_scaffolds.fa
100863	/tmp/global2/ssushko/TE_evolution/1001Gp_TE_ANNOT/1001G_fasta_Chr_scaffolds/100863.Chr_scaffolds.fa
100864	/tmp/global2/ssushko/TE_evolution/1001Gp_TE_ANNOT/1001G_fasta_Chr_scaffolds/100864.Chr_scaffolds.fa
100865	/tmp/global2/ssushko/TE_evolution/1001Gp_TE_ANNOT/1001G_fasta_Chr_scaffolds/100865.Chr_scaffolds.fa
100866	/tmp/global2/ssushko/TE_evolution/1001Gp_TE_ANNOT/1001G_fasta_Chr_scaffolds/100866.Chr_scaffolds.fa
100867	/tmp/global2/ssushko/TE_evolution/1001Gp_TE_ANNOT/1001G_fasta_Chr_scaffolds/100867.Chr_scaffolds.fa
100868	/tmp/global2/ssushko/TE_evolution/1001Gp_TE_ANNOT/1001G_fasta_Chr_scaffolds/100868.Chr_scaffolds.fa
100869	/tmp/global2/ssushko/TE_evolution/1001Gp_TE_ANNOT/1001G_fasta_Chr_scaffolds/100869.Chr_scaffolds.fa
100870	/tmp/global2/ssushko/TE_evolution/1001Gp_TE_ANNOT/1001G_fasta_Chr_scaffolds/100870.Chr_scaffolds.fa
100871	/tmp/global2/ssushko/TE_evolution/1001Gp_TE_ANNOT/1001G_fasta_Chr_scaffolds/100871.Chr_scaffolds.fa
100872	/tmp/global2/ssushko/TE_evolution/1001Gp_TE_ANNOT/1001G_fasta_Chr_scaffolds/100872.Chr_scaffolds.fa
100873	/tmp/global2/ssushko/TE_evolution/1001Gp_TE_ANNOT/1001G_fasta_Chr_scaffolds/100873.Chr_scaffolds.fa
100874	/tmp/global2/ssushko/TE_evolution/1001Gp_TE_ANNOT/1001G_fasta_Chr_scaffolds/100874.Chr_scaffolds.fa
100875	/tmp/global2/ssushko/TE_evolution/1001Gp_TE_ANNOT/1001G_fasta_Chr_scaffolds/100875.Chr_scaffolds.fa
100876	/tmp/global2/ssushko/TE_evolution/1001Gp_TE_ANNOT/1001G_fasta_Chr_scaffolds/100876.Chr_scaffolds.fa
100877	/tmp/global2/ssushko/TE_evolution/1001Gp_TE_ANNOT/1001G_fasta_Chr_scaffolds/100877.Chr_scaffolds.fa
100878	/tmp/global2/ssushko/TE_evolution/1001Gp_TE_ANNOT/1001G_fasta_Chr_scaffolds/100878.Chr_scaffolds.fa
100879	/tmp/global2/ssushko/TE_evolution/1001Gp_TE_ANNOT/1001G_fasta_Chr_scaffolds/100879.Chr_scaffolds.fa
100880	/tmp/global2/ssushko/TE_evolution/1001Gp_TE_ANNOT/1001G_fasta_Chr_scaffolds/100880.Chr_scaffolds.fa
100881	/tmp/global2/ssushko/TE_evolution/1001Gp_TE_ANNOT/1001G_fasta_Chr_scaffolds/100881.Chr_scaffolds.fa
100882	/tmp/global2/ssushko/TE_evolution/1001Gp_TE_ANNOT/1001G_fasta_Chr_scaffolds/100882.Chr_scaffolds.fa
100883	/tmp/global2/ssushko/TE_evolution/1001Gp_TE_ANNOT/1001G_fasta_Chr_scaffolds/100883.Chr_scaffolds.fa
100884	/tmp/global2/ssushko/TE_evolution/1001Gp_TE_ANNOT/1001G_fasta_Chr_scaffolds/100884.Chr_scaffolds.fa
100885	/tmp/global2/ssushko/TE_evolution/1001Gp_TE_ANNOT/1001G_fasta_Chr_scaffolds/100885.Chr_scaffolds.fa
100886	/tmp/global2/ssushko/TE_evolution/1001Gp_TE_ANNOT/1001G_fasta_Chr_scaffolds/100886.Chr_scaffolds.fa
100887	/tmp/global2/ssushko/TE_evolution/1001Gp_TE_ANNOT/1001G_fasta_Chr_scaffolds/100887.Chr_scaffolds.fa
100888	/tmp/global2/ssushko/TE_evolution/1001Gp_TE_ANNOT/1001G_fasta_Chr_scaffolds/100888.Chr_scaffolds.fa
100889	/tmp/global2/ssushko/TE_evolution/1001Gp_TE_ANNOT/1001G_fasta_Chr_scaffolds/100889.Chr_scaffolds.fa
100890	/tmp/global2/ssushko/TE_evolution/1001Gp_TE_ANNOT/1001G_fasta_Chr_scaffolds/100890.Chr_scaffolds.fa
100891	/tmp/global2/ssushko/TE_evolution/1001Gp_TE_ANNOT/1001G_fasta_Chr_scaffolds/100891.Chr_scaffolds.fa
100892	/tmp/global2/ssushko/TE_evolution/1001Gp_TE_ANNOT/1001G_fasta_Chr_scaffolds/100892.Chr_scaffolds.fa
100893	/tmp/global2/ssushko/TE_evolution/1001Gp_TE_ANNOT/1001G_fasta_Chr_scaffolds/100893.Chr_scaffolds.fa
100894	/tmp/global2/ssushko/TE_evolution/1001Gp_TE_ANNOT/1001G_fasta_Chr_scaffolds/100894.Chr_scaffolds.fa
100895	/tmp/global2/ssushko/TE_evolution/1001Gp_TE_ANNOT/1001G_fasta_Chr_scaffolds/100895.Chr_scaffolds.fa
100896	/tmp/global2/ssushko/TE_evolution/1001Gp_TE_ANNOT/1001G_fasta_Chr_scaffolds/100896.Chr_scaffolds.fa
100897	/tmp/global2/ssushko/TE_evolution/1001Gp_TE_ANNOT/1001G_fasta_Chr_scaffolds/100897.Chr_scaffolds.fa
100898	/tmp/global2/ssushko/TE_evolution/1001Gp_TE_ANNOT/1001G_fasta_Chr_scaffolds/100898.Chr_scaffolds.fa
100899	/tmp/global2/ssushko/TE_evolution/1001Gp_TE_ANNOT/1001G_fasta_Chr_scaffolds/100899.Chr_scaffolds.fa
100900	/tmp/global2/ssushko/TE_evolution/1001Gp_TE_ANNOT/1001G_fasta_Chr_scaffolds/100900.Chr_scaffolds.fa
100901	/tmp/global2/ssushko/TE_evolution/1001Gp_TE_ANNOT/1001G_fasta_Chr_scaffolds/100901.Chr_scaffolds.fa
100902	/tmp/global2/ssushko/TE_evolution/1001Gp_TE_ANNOT/1001G_fasta_Chr_scaffolds/100902.Chr_scaffolds.fa
100903	/tmp/global2/ssushko/TE_evolution/1001Gp_TE_ANNOT/1001G_fasta_Chr_scaffolds/100903.Chr_scaffolds.fa
100904	/tmp/global2/ssushko/TE_evolution/1001Gp_TE_ANNOT/1001G_fasta_Chr_scaffolds/100904.Chr_scaffolds.fa
100905	/tmp/global2/ssushko/TE_evolution/1001Gp_TE_ANNOT/1001G_fasta_Chr_scaffolds/100905.Chr_scaffolds.fa
100906	/tmp/global2/ssushko/TE_evolution/1001Gp_TE_ANNOT/1001G_fasta_Chr_scaffolds/100906.Chr_scaffolds.fa
100907	/tmp/global2/ssushko/TE_evolution/1001Gp_TE_ANNOT/1001G_fasta_Chr_scaffolds/100907.Chr_scaffolds.fa
100908	/tmp/global2/ssushko/TE_evolution/1001Gp_TE_ANNOT/1001G_fasta_Chr_scaffolds/100908.Chr_scaffolds.fa
100909	/tmp/global2/ssushko/TE_evolution/1001Gp_TE_ANNOT/1001G_fasta_Chr_scaffolds/100909.Chr_scaffolds.fa
100910	/tmp/global2/ssushko/TE_evolution/1001Gp_TE_ANNOT/1001G_fasta_Chr_scaffolds/100910.Chr_scaffolds.fa
100911	/tmp/global2/ssushko/TE_evolution/1001Gp_TE_ANNOT/1001G_fasta_Chr_scaffolds/100911.Chr_scaffolds.fa
100912	/tmp/global2/ssushko/TE_evolution/1001Gp_TE_ANNOT/1001G_fasta_Chr_scaffolds/100912.Chr_scaffolds.fa
100913	/tmp/global2/ssushko/TE_evolution/1001Gp_TE_ANNOT/1001G_fasta_Chr_scaffolds/100913.Chr_scaffolds.fa
100914	/tmp/global2/ssushko/TE_evolution/1001Gp_TE_ANNOT/1001G_fasta_Chr_scaffolds/100914.Chr_scaffolds.fa
100915	/tmp/global2/ssushko/TE_evolution/1001Gp_TE_ANNOT/1001G_fasta_Chr_scaffolds/100915.Chr_scaffolds.fa
100916	/tmp/global2/ssushko/TE_evolution/1001Gp_TE_ANNOT/1001G_fasta_Chr_scaffolds/100916.Chr_scaffolds.fa
100917	/tmp/global2/ssushko/TE_evolution/1001Gp_TE_ANNOT/1001G_fasta_Chr_scaffolds/100917.Chr_scaffolds.fa
100918	/tmp/global2/ssushko/TE_evolution/1001Gp_TE_ANNOT/1001G_fasta_Chr_scaffolds/100918.Chr_scaffolds.fa
100919	/tmp/global2/ssushko/TE_evolution/1001Gp_TE_ANNOT/1001G_fasta_Chr_scaffolds/100919.Chr_scaffolds.fa
100920	/tmp/global2/ssushko/TE_evolution/1001Gp_TE_ANNOT/1001G_fasta_Chr_scaffolds/100920.Chr_scaffolds.fa
100921	/tmp/global2/ssushko/TE_evolution/1001Gp_TE_ANNOT/1001G_fasta_Chr_scaffolds/100921.Chr_scaffolds.fa
100922	/tmp/global2/ssushko/TE_evolution/1001Gp_TE_ANNOT/1001G_fasta_Chr_scaffolds/100922.Chr_scaffolds.fa
100923	/tmp/global2/ssushko/TE_evolution/1001Gp_TE_ANNOT/1001G_fasta_Chr_scaffolds/100923.Chr_scaffolds.fa
100924	/tmp/global2/ssushko/TE_evolution/1001Gp_TE_ANNOT/1001G_fasta_Chr_scaffolds/100924.Chr_scaffolds.fa
100925	/tmp/global2/ssushko/TE_evolution/1001Gp_TE_ANNOT/1001G_fasta_Chr_scaffolds/100925.Chr_scaffolds.fa
100926	/tmp/global2/ssushko/TE_evolution/1001Gp_TE_ANNOT/1001G_fasta_Chr_scaffolds/100926.Chr_scaffolds.fa
100927	/tmp/global2/ssushko/TE_evolution/1001Gp_TE_ANNOT/1001G_fasta_Chr_scaffolds/100927.Chr_scaffolds.fa
100928	/tmp/global2/ssushko/TE_evolution/1001Gp_TE_ANNOT/1001G_fasta_Chr_scaffolds/100928.Chr_scaffolds.fa
100929	/tmp/global2/ssushko/TE_evolution/1001Gp_TE_ANNOT/1001G_fasta_Chr_scaffolds/100929.Chr_scaffolds.fa
100930	/tmp/global2/ssushko/TE_evolution/1001Gp_TE_ANNOT/1001G_fasta_Chr_scaffolds/100930.Chr_scaffolds.fa
100931	/tmp/global2/ssushko/TE_evolution/1001Gp_TE_ANNOT/1001G_fasta_Chr_scaffolds/100931.Chr_scaffolds.fa
100932	/tmp/global2/ssushko/TE_evolution/1001Gp_TE_ANNOT/1001G_fasta_Chr_scaffolds/100932.Chr_scaffolds.fa
100933	/tmp/global2/ssushko/TE_evolution/1001Gp_TE_ANNOT/1001G_fasta_Chr_scaffolds/100933.Chr_scaffolds.fa
100934	/tmp/global2/ssushko/TE_evolution/1001Gp_TE_ANNOT/1001G_fasta_Chr_scaffolds/100934.Chr_scaffolds.fa
100935	/tmp/global2/ssushko/TE_evolution/1001Gp_TE_ANNOT/1001G_fasta_Chr_scaffolds/100935.Chr_scaffolds.fa
100936	/tmp/global2/ssushko/TE_evolution/1001Gp_TE_ANNOT/1001G_fasta_Chr_scaffolds/100936.Chr_scaffolds.fa
100937	/tmp/global2/ssushko/TE_evolution/1001Gp_TE_ANNOT/1001G_fasta_Chr_scaffolds/100937.Chr_scaffolds.fa
100938	/tmp/global2/ssushko/TE_evolution/1001Gp_TE_ANNOT/1001G_fasta_Chr_scaffolds/100938.Chr_scaffolds.fa
100939	/tmp/global2/ssushko/TE_evolution/1001Gp_TE_ANNOT/1001G_fasta_Chr_scaffolds/100939.Chr_scaffolds.fa
100940	/tmp/global2/ssushko/TE_evolution/1001Gp_TE_ANNOT/1001G_fasta_Chr_scaffolds/100940.Chr_scaffolds.fa
100941	/tmp/global2/ssushko/TE_evolution/1001Gp_TE_ANNOT/1001G_fasta_Chr_scaffolds/100941.Chr_scaffolds.fa
100942	/tmp/global2/ssushko/TE_evolution/1001Gp_TE_ANNOT/1001G_fasta_Chr_scaffolds/100942.Chr_scaffolds.fa
100943	/tmp/global2/ssushko/TE_evolution/1001Gp_TE_ANNOT/1001G_fasta_Chr_scaffolds/100943.Chr_scaffolds.fa
100944	/tmp/global2/ssushko/TE_evolution/1001Gp_TE_ANNOT/1001G_fasta_Chr_scaffolds/100944.Chr_scaffolds.fa
100945	/tmp/global2/ssushko/TE_evolution/1001Gp_TE_ANNOT/1001G_fasta_Chr_scaffolds/100945.Chr_scaffolds.fa
100946	/tmp/global2/ssushko/TE_evolution/1001Gp_TE_ANNOT/1001G_fasta_Chr_scaffolds/100946.Chr_scaffolds.fa
100947	/tmp/global2/ssushko/TE_evolution/1001Gp_TE_ANNOT/1001G_fasta_Chr_scaffolds/100947.Chr_scaffolds.fa
100948	/tmp/global2/ssushko/TE_evolution/1001Gp_TE_ANNOT/1001G_fasta_Chr_scaffolds/100948.Chr_scaffolds.fa
100949	/tmp/global2/ssushko/TE_evolution/1001Gp_TE_ANNOT/1001G_fasta_Chr_scaffolds/100949.Chr_scaffolds.fa
100950	/tmp/global2/ssushko/TE_evolution/1001Gp_TE_ANNOT/1001G_fasta_Chr_scaffolds/100950.Chr_scaffolds.fa
100951	/tmp/global2/ssushko/TE_evolution/1001Gp_TE_ANNOT/1001G_fasta_Chr_scaffolds/100951.Chr_scaffolds.fa
100952	/tmp/global2/ssushko/TE_evolution/1001Gp_TE_ANNOT/1001G_fasta_Chr_scaffolds/100952.Chr_scaffolds.fa
100953	/tmp/global2/ssushko/TE_evolution/1001Gp_TE_ANNOT/1001G_fasta_Chr_scaffolds/100953.Chr_scaffolds.fa
100954	/tmp/global2/ssushko/TE_evolution/1001Gp_TE_ANNOT/1001G_fasta_Chr_scaffolds/100954.Chr_scaffolds.fa
100955	/tmp/global2/ssushko/TE_evolution/1001Gp_TE_ANNOT/1001G_fasta_Chr_scaffolds/100955.Chr_scaffolds.fa
100956	/tmp/global2/ssushko/TE_evolution/1001Gp_TE_ANNOT/1001G_fasta_Chr_scaffolds/100956.Chr_scaffolds.fa
100957	/tmp/global2/ssushko/TE_evolution/1001Gp_TE_ANNOT/1001G_fasta_Chr_scaffolds/100957.Chr_scaffolds.fa
100958	/tmp/global2/ssushko/TE_evolution/1001Gp_TE_ANNOT/1001G_fasta_Chr_scaffolds/100958.Chr_scaffolds.fa
100959	/tmp/global2/ssushko/TE_evolution/1001Gp_TE_ANNOT/1001G_fasta_Chr_scaffolds/100959.Chr_scaffolds.fa
100960	/tmp/global2/ssushko/TE_evolution/1001Gp_TE_ANNOT/1001G_fasta_Chr_scaffolds/100960.Chr_scaffolds.fa
100961	/tmp/global2/ssushko/TE_evolution/1001Gp_TE_ANNOT/1001G_fasta_Chr_scaffolds/100961.Chr_scaffolds.fa
100962	/tmp/global2/ssushko/TE_evolution/1001Gp_TE_ANNOT/1001G_fasta_Chr_scaffolds/100962.Chr_scaffolds.fa
100963	/tmp/global2/ssushko/TE_evolution/1001Gp_TE_ANNOT/1001G_fasta_Chr_scaffolds/100963.Chr_scaffolds.fa
100964	/tmp/global2/ssushko/TE_evolution/1001Gp_TE_ANNOT/1001G_fasta_Chr_scaffolds/100964.Chr_scaffolds.fa
100965	/tmp/global2/ssushko/TE_evolution/1001Gp_TE_ANNOT/1001G_fasta_Chr_scaffolds/100965.Chr_scaffolds.fa
100966	/tmp/global2/ssushko/TE_evolution/1001Gp_TE_ANNOT/1001G_fasta_Chr_scaffolds/100966.Chr_scaffolds.fa
100967	/tmp/global2/ssushko/TE_evolution/1001Gp_TE_ANNOT/1001G_fasta_Chr_scaffolds/100967.Chr_scaffolds.fa
100968	/tmp/global2/ssushko/TE_evolution/1001Gp_TE_ANNOT/1001G_fasta_Chr_scaffolds/100968.Chr_scaffolds.fa
100969	/tmp/global2/ssushko/TE_evolution/1001Gp_TE_ANNOT/1001G_fasta_Chr_scaffolds/100969.Chr_scaffolds.fa
100970	/tmp/global2/ssushko/TE_evolution/1001Gp_TE_ANNOT/1001G_fasta_Chr_scaffolds/100970.Chr_scaffolds.fa
100971	/tmp/global2/ssushko/TE_evolution/1001Gp_TE_ANNOT/1001G_fasta_Chr_scaffolds/100971.Chr_scaffolds.fa
100972	/tmp/global2/ssushko/TE_evolution/1001Gp_TE_ANNOT/1001G_fasta_Chr_scaffolds/100972.Chr_scaffolds.fa
100973	/tmp/global2/ssushko/TE_evolution/1001Gp_TE_ANNOT/1001G_fasta_Chr_scaffolds/100973.Chr_scaffolds.fa
100974	/tmp/global2/ssushko/TE_evolution/1001Gp_TE_ANNOT/1001G_fasta_Chr_scaffolds/100974.Chr_scaffolds.fa
100975	/tmp/global2/ssushko/TE_evolution/1001Gp_TE_ANNOT/1001G_fasta_Chr_scaffolds/100975.Chr_scaffolds.fa
100976	/tmp/global2/ssushko/TE_evolution/1001Gp_TE_ANNOT/1001G_fasta_Chr_scaffolds/100976.Chr_scaffolds.fa
100977	/tmp/global2/ssushko/TE_evolution/1001Gp_TE_ANNOT/1001G_fasta_Chr_scaffolds/100977.Chr_scaffolds.fa
100978	/tmp/global2/ssushko/TE_evolution/1001Gp_TE_ANNOT/1001G_fasta_Chr_scaffolds/100978.Chr_scaffolds.fa
100979	/tmp/global2/ssushko/TE_evolution/1001Gp_TE_ANNOT/1001G_fasta_Chr_scaffolds/100979.Chr_scaffolds.fa
100980	/tmp/global2/ssushko/TE_evolution/1001Gp_TE_ANNOT/1001G_fasta_Chr_scaffolds/100980.Chr_scaffolds.fa
100981	/tmp/global2/ssushko/TE_evolution/1001Gp_TE_ANNOT/1001G_fasta_Chr_scaffolds/100981.Chr_scaffolds.fa
100982	/tmp/global2/ssushko/TE_evolution/1001Gp_TE_ANNOT/1001G_fasta_Chr_scaffolds/100982.Chr_scaffolds.fa
100983	/tmp/global2/ssushko/TE_evolution/1001Gp_TE_ANNOT/1001G_fasta_Chr_scaffolds/100983.Chr_scaffolds.fa
100984	/tmp/global2/ssushko/TE_evolution/1001Gp_TE_ANNOT/1001G_fasta_Chr_scaffolds/100984.Chr_scaffolds.fa
100985	/tmp/global2/ssushko/TE_evolution/1001Gp_TE_ANNOT/1001G_fasta_Chr_scaffolds/100985.Chr_scaffolds.fa
100986	/tmp/global2/ssushko/TE_evolution/1001Gp_TE_ANNOT/1001G_fasta_Chr_scaffolds/100986.Chr_scaffolds.fa
100987	/tmp/global2/ssushko/TE_evolution/1001Gp_TE_ANNOT/1001G_fasta_Chr_scaffolds/100987.Chr_scaffolds.fa
100988	/tmp/global2/ssushko/TE_evolution/1001Gp_TE_ANNOT/1001G_fasta_Chr_scaffolds/100988.Chr_scaffolds.fa
100989	/tmp/global2/ssushko/TE_evolution/1001Gp_TE_ANNOT/1001G_fasta_Chr_scaffolds/100989.Chr_scaffolds.fa
100990	/tmp/global2/ssushko/TE_evolution/1001Gp_TE_ANNOT/1001G_fasta_Chr_scaffolds/100990.Chr_scaffolds.fa
100991	/tmp/global2/ssushko/TE_evolution/1001Gp_TE_ANNOT/1001G_fasta_Chr_scaffolds/100991.Chr_scaffolds.fa
100992	/tmp/global2/ssushko/TE_evolution/1001Gp_TE_ANNOT/1001G_fasta_Chr_scaffolds/100992.Chr_scaffolds.fa
100993	/tmp/global2/ssushko/TE_evolution/1001Gp_TE_ANNOT/1001G_fasta_Chr_scaffolds/100993.Chr_scaffolds.fa
100994	/tmp/global2/ssushko/TE_evolution/1001Gp_TE_ANNOT/1001G_fasta_Chr_scaffolds/100994.Chr_scaffolds.fa
100995	/tmp/global2/ssushko/TE_evolution/1001Gp_TE_ANNOT/1001G_fasta_Chr_scaffolds/100995.Chr_scaffolds.fa
100996	/tmp/global2/ssushko/TE_evolution/1001Gp_TE_ANNOT/1001G_fasta_Chr_scaffolds/100996.Chr_scaffolds.fa
100997	/tmp/global2/ssushko/TE_evolution/1001Gp_TE_ANNOT/1001G_fasta_Chr_scaffolds/100997.Chr_scaffolds.fa
100998	/tmp/global2/ssushko/TE_evolution/1001Gp_TE_ANNOT/1001G_fasta_Chr_scaffolds/100998.Chr_scaffolds.fa
100999	/tmp/global2/ssushko/TE_evolution/1001Gp_TE_ANNOT/1001G_fasta_Chr_scaffolds/100999.Chr_scaffolds.fa
101000	/tmp/global2/ssushko/TE_evolution/1001Gp_TE_ANNOT/1001G_fasta_Chr_scaffolds/101000.Chr_scaffolds.fa
101001	/tmp/global2/ssushko/TE_evolution/1001Gp_TE_ANNOT/1001G_fasta_Chr_scaffolds/101001.Chr_scaffolds.fa
101002	/tmp/global2/ssushko/TE_evolution/1001Gp_TE_ANNOT/1001G_fasta_Chr_scaffolds/101002.Chr_scaffolds.fa
101003	/tmp/global2/ssushko/TE_evolution/1001Gp_TE_ANNOT/1001G_fasta_Chr_scaffolds/101003.Chr_scaffolds.fa
101004	/tmp/global2/ssushko/TE_evolution/1001Gp_TE_ANNOT/1001G_fasta_Chr_scaffolds/101004.Chr_scaffolds.fa
101005	/tmp/global2/ssushko/TE_evolution/1001Gp_TE_ANNOT/1001G_fasta_Chr_scaffolds/101005.Chr_scaffolds.fa
101006	/tmp/global2/ssushko/TE_evolution/1001Gp_TE_ANNOT/1001G_fasta_Chr_scaffolds/101006.Chr_scaffolds.fa
101007	/tmp/global2/ssushko/TE_evolution/1001Gp_TE_ANNOT/1001G_fasta_Chr_scaffolds/101007.Chr_scaffolds.fa
101008	/tmp/global2/ssushko/TE_evolution/1001Gp_TE_ANNOT/1001G_fasta_Chr_scaffolds/101008.Chr_scaffolds.fa
101009	/tmp/global2/ssushko/TE_evolution/1001Gp_TE_ANNOT/1001G_fasta_Chr_scaffolds/101009.Chr_scaffolds.fa
101010	/tmp/global2/ssushko/TE_evolution/1001Gp_TE_ANNOT/1001G_fasta_Chr_scaffolds/101010.Chr_scaffolds.fa
101011	/tmp/global2/ssushko/TE_evolution/1001Gp_TE_ANNOT/1001G_fasta_Chr_scaffolds/101011.Chr_scaffolds.fa
101012	/tmp/global2/ssushko/TE_evolution/1001Gp_TE_ANNOT/1001G_fasta_Chr_scaffolds/101012.Chr_scaffolds.fa
101013	/tmp/global2/ssushko/TE_evolution/1001Gp_TE_ANNOT/1001G_fasta_Chr_scaffolds/101013.Chr_scaffolds.fa
101014	/tmp/global2/ssushko/TE_evolution/1001Gp_TE_ANNOT/1001G_fasta_Chr_scaffolds/101014.Chr_scaffolds.fa
101015	/tmp/global2/ssushko/TE_evolution/1001Gp_TE_ANNOT/1001G_fasta_Chr_scaffolds/101015.Chr_scaffolds.fa
101016	/tmp/global2/ssushko/TE_evolution/1001Gp_TE_ANNOT/1001G_fasta_Chr_scaffolds/101016.Chr_scaffolds.fa
101017	/tmp/global2/ssushko/TE_evolution/1001Gp_TE_ANNOT/1001G_fasta_Chr_scaffolds/101017.Chr_scaffolds.fa
101018	/tmp/global2/ssushko/TE_evolution/1001Gp_TE_ANNOT/1001G_fasta_Chr_scaffolds/101018.Chr_scaffolds.fa
101019	/tmp/global2/ssushko/TE_evolution/1001Gp_TE_ANNOT/1001G_fasta_Chr_scaffolds/101019.Chr_scaffolds.fa
101020	/tmp/global2/ssushko/TE_evolution/1001Gp_TE_ANNOT/1001G_fasta_Chr_scaffolds/101020.Chr_scaffolds.fa
101021	/tmp/global2/ssushko/TE_evolution/1001Gp_TE_ANNOT/1001G_fasta_Chr_scaffolds/101021.Chr_scaffolds.fa
101022	/tmp/global2/ssushko/TE_evolution/1001Gp_TE_ANNOT/1001G_fasta_Chr_scaffolds/101022.Chr_scaffolds.fa
101023	/tmp/global2/ssushko/TE_evolution/1001Gp_TE_ANNOT/1001G_fasta_Chr_scaffolds/101023.Chr_scaffolds.fa
101024	/tmp/global2/ssushko/TE_evolution/1001Gp_TE_ANNOT/1001G_fasta_Chr_scaffolds/101024.Chr_scaffolds.fa
101025	/tmp/global2/ssushko/TE_evolution/1001Gp_TE_ANNOT/1001G_fasta_Chr_scaffolds/101025.Chr_scaffolds.fa
101026	/tmp/global2/ssushko/TE_evolution/1001Gp_TE_ANNOT/1001G_fasta_Chr_scaffolds/101026.Chr_scaffolds.fa
101027	/tmp/global2/ssushko/TE_evolution/1001Gp_TE_ANNOT/1001G_fasta_Chr_scaffolds/101027.Chr_scaffolds.fa
101028	/tmp/global2/ssushko/TE_evolution/1001Gp_TE_ANNOT/1001G_fasta_Chr_scaffolds/101028.Chr_scaffolds.fa
101029	/tmp/global2/ssushko/TE_evolution/1001Gp_TE_ANNOT/1001G_fasta_Chr_scaffolds/101029.Chr_scaffolds.fa
101030	/tmp/global2/ssushko/TE_evolution/1001Gp_TE_ANNOT/1001G_fasta_Chr_scaffolds/101030.Chr_scaffolds.fa
101031	/tmp/global2/ssushko/TE_evolution/1001Gp_TE_ANNOT/1001G_fasta_Chr_scaffolds/101031.Chr_scaffolds.fa
101032	/tmp/global2/ssushko/TE_evolution/1001Gp_TE_ANNOT/1001G_fasta_Chr_scaffolds/101032.Chr_scaffolds.fa
101033	/tmp/global2/ssushko/TE_evolution/1001Gp_TE_ANNOT/1001G_fasta_Chr_scaffolds/101033.Chr_scaffolds.fa
101034	/tmp/global2/ssushko/TE_evolution/1001Gp_TE_ANNOT/1001G_fasta_Chr_scaffolds/101034.Chr_scaffolds.fa
101035	/tmp/global2/ssushko/TE_evolution/1001Gp_TE_ANNOT/1001G_fasta_Chr_scaffolds/101035.Chr_scaffolds.fa
101036	/tmp/global2/ssushko/TE_evolution/1001Gp_TE_ANNOT/1001G_fasta_Chr_scaffolds/101036.Chr_scaffolds.fa
101037	/tmp/global2/ssushko/TE_evolution/1001Gp_TE_ANNOT/1001G_fasta_Chr_scaffolds/101037.Chr_scaffolds.fa
101038	/tmp/global2/ssushko/TE_evolution/1001Gp_TE_ANNOT/1001G_fasta_Chr_scaffolds/101038.Chr_scaffolds.fa
101039	/tmp/global2/ssushko/TE_evolution/1001Gp_TE_ANNOT/1001G_fasta_Chr_scaffolds/101039.Chr_scaffolds.fa
101040	/tmp/global2/ssushko/TE_evolution/1001Gp_TE_ANNOT/1001G_fasta_Chr_scaffolds/101040.Chr_scaffolds.fa
101041	/tmp/global2/ssushko/TE_evolution/1001Gp_TE_ANNOT/1001G_fasta_Chr_scaffolds/101041.Chr_scaffolds.fa
101042	/tmp/global2/ssushko/TE_evolution/1001Gp_TE_ANNOT/1001G_fasta_Chr_scaffolds/101042.Chr_scaffolds.fa
101043	/tmp/global2/ssushko/TE_evolution/1001Gp_TE_ANNOT/1001G_fasta_Chr_scaffolds/101043.Chr_scaffolds.fa
101044	/tmp/global2/ssushko/TE_evolution/1001Gp_TE_ANNOT/1001G_fasta_Chr_scaffolds/101044.Chr_scaffolds.fa
101045	/tmp/global2/ssushko/TE_evolution/1001Gp_TE_ANNOT/1001G_fasta_Chr_scaffolds/101045.Chr_scaffolds.fa
101046	/tmp/global2/ssushko/TE_evolution/1001Gp_TE_ANNOT/1001G_fasta_Chr_scaffolds/101046.Chr_scaffolds.fa
101054	/tmp/global2/ssushko/TE_evolution/1001Gp_TE_ANNOT/1001G_fasta_Chr_scaffolds/101054.Chr_scaffolds.fa
101055	/tmp/global2/ssushko/TE_evolution/1001Gp_TE_ANNOT/1001G_fasta_Chr_scaffolds/101055.Chr_scaffolds.fa
101056	/tmp/global2/ssushko/TE_evolution/1001Gp_TE_ANNOT/1001G_fasta_Chr_scaffolds/101056.Chr_scaffolds.fa
101057	/tmp/global2/ssushko/TE_evolution/1001Gp_TE_ANNOT/1001G_fasta_Chr_scaffolds/101057.Chr_scaffolds.fa
101058	/tmp/global2/ssushko/TE_evolution/1001Gp_TE_ANNOT/1001G_fasta_Chr_scaffolds/101058.Chr_scaffolds.fa
101059	/tmp/global2/ssushko/TE_evolution/1001Gp_TE_ANNOT/1001G_fasta_Chr_scaffolds/101059.Chr_scaffolds.fa
101060	/tmp/global2/ssushko/TE_evolution/1001Gp_TE_ANNOT/1001G_fasta_Chr_scaffolds/101060.Chr_scaffolds.fa
101061	/tmp/global2/ssushko/TE_evolution/1001Gp_TE_ANNOT/1001G_fasta_Chr_scaffolds/101061.Chr_scaffolds.fa
